ChuDe,CauHoi,TraLoi
CheckIn_GioGiac,Giờ nhận phòng và trả phòng chính thức tại StarStay Hotel là mấy giờ?,"Thời gian nhận phòng (check-in) tại StarStay Hotel là từ 14:00 và thời gian trả phòng (check-out) là trước 12:00 trưa mỗi ngày, Quý khách vui lòng lưu ý để sắp xếp lịch trình ạ."
CheckIn_GioGiac,Nếu tôi đến khách sạn trước 14:00 thì tôi có được nhận phòng sớm không?,"Quý khách hoàn toàn có thể nhận phòng sớm nếu khách sạn còn phòng trống. Trường hợp nhận phòng trước 14:00, chúng tôi sẽ áp dụng phụ phí là 50% giá phòng cho một đêm ạ."
CheckIn_GioGiac,Tôi muốn ở lại phòng lâu hơn sau 12:00 trưa thì có được không?,"Dạ được ạ. Khách sạn hỗ trợ Quý khách trả phòng muộn miễn phí đến 14:00. Sau thời gian này, chúng tôi sẽ tính phụ phí là 50% giá phòng một đêm ạ."
CheckIn_GioGiac,"Chuyến bay của tôi đến Đà Nẵng lúc sáng sớm, tôi có thể gửi hành lý tại khách sạn trước khi nhận phòng không?",Dạ có ạ. Quý khách có thể gửi hành lý tại quầy lễ tân hoàn toàn miễn phí trong lúc chờ đến giờ nhận phòng chính thức lúc 14:00 ạ.
CheckIn_GioGiac,Khách sạn có hỗ trợ nhận phòng vào ban đêm không?,"Dạ có ạ. Bộ phận lễ tân của StarStay Hotel làm việc 24/7 để hỗ trợ Quý khách nhận phòng bất cứ lúc nào, kể cả vào ban đêm ạ."
CheckIn_GioGiac,Tôi muốn check-in sớm vào lúc 8 giờ sáng thì chi phí như thế nào?,"Việc nhận phòng lúc 8 giờ sáng được tính là nhận phòng sớm trước 14:00. Nếu tại thời điểm đó khách sạn còn phòng trống, mức phí sẽ là 50% giá phòng của một đêm ạ."
CheckIn_GioGiac,Nếu tôi trả phòng trễ sau 14:00 chiều thì khách sạn tính phí ra sao?,"Trong trường hợp Quý khách trả phòng sau 14:00, khách sạn sẽ tính phụ phí tương đương 50% giá phòng của một đêm ạ."
CheckIn_GioGiac,Tôi cần liên hệ ai nếu muốn xác nhận lại giờ nhận phòng?,Quý khách có thể liên hệ trực tiếp với lễ tân qua số hotline 0236 999 8888 hoặc gửi email về địa chỉ info@starstay.vn để được hỗ trợ kiểm tra ạ.
CheckIn_GioGiac,Khách sạn có quy định đặc biệt gì về giờ giấc trong ngày nhận phòng không?,"Ngoài thời gian check-in từ 14:00, Quý khách vui lòng cung cấp giấy tờ tùy thân hợp lệ khi làm thủ tục tại quầy lễ tân để chúng tôi hỗ trợ nhanh chóng nhất ạ."
CheckIn_GioGiac,Liệu tôi có thể yêu cầu check-out muộn ngay khi vừa làm thủ tục check-in không?,Dạ được ạ. Quý khách có thể thông báo với lễ tân tại thời điểm check-in hoặc bất cứ lúc nào trong thời gian lưu trú để chúng tôi ghi nhận yêu cầu trả phòng muộn của Quý khách ạ.
CheckIn_EarlyCheckIn,Tôi có thể nhận phòng trước 14 giờ chiều được không?,Dạ được ạ. Quý khách có thể nhận phòng sớm trước 14:00 nếu tình trạng phòng tại thời điểm đó còn trống. Quý khách vui lòng liên hệ lễ tân để được hỗ trợ kiểm tra chi tiết ạ.
CheckIn_EarlyCheckIn,Khách sạn StarStay có quy định gì về việc check-in sớm không?,"Dạ, quy định nhận phòng sớm của khách sạn là tính phí 50% giá phòng một đêm nếu phòng còn trống sẵn sàng phục vụ Quý khách ạ."
CheckIn_EarlyCheckIn,"Nếu chuyến bay của tôi đến Đà Nẵng vào buổi sáng, tôi có thể vào phòng ngay không?","Chào Anh/Chị, nếu phòng đã sẵn sàng, Quý khách có thể nhận phòng ngay. Trong trường hợp phòng chưa sẵn sàng, lễ tân sẽ hỗ trợ giữ hành lý miễn phí để Quý khách thoải mái tham quan trước khi nhận phòng ạ."
CheckIn_EarlyCheckIn,Phí nhận phòng sớm tại khách sạn được tính như thế nào?,"Dạ, phí nhận phòng sớm được tính bằng 50% giá phòng của một đêm lưu trú, áp dụng trong trường hợp khách sạn còn phòng trống ạ."
CheckIn_EarlyCheckIn,"Tôi muốn đảm bảo nhận phòng sớm từ 8 giờ sáng, tôi có cần đặt trước không?","Dạ, để đảm bảo chắc chắn có phòng vào khung giờ sớm như vậy, Quý khách nên liên hệ trước với bộ phận đặt phòng qua hotline 0236 999 8888 để chúng tôi sắp xếp và xác nhận tình trạng phòng cho Anh/Chị ạ."
CheckIn_EarlyCheckIn,Làm thế nào để tôi biết chắc chắn mình có thể nhận phòng sớm hay không?,Quý khách vui lòng gọi đến số 0236 999 8888 để lễ tân kiểm tra tình trạng phòng thực tế tại thời điểm Quý khách đến và xác nhận với Anh/Chị ạ.
CheckIn_EarlyCheckIn,Nếu tôi đến khách sạn trước giờ check-in thì tôi có thể làm gì?,"Trong lúc chờ nhận phòng, Quý khách có thể gửi hành lý tại quầy lễ tân, sử dụng các tiện ích chung như hồ bơi, hoặc nhận tư vấn từ lễ tân về các địa điểm tham quan gần khách sạn ạ."
CheckIn_EarlyCheckIn,Tôi có thể yêu cầu check-in sớm qua email được không?,Dạ được ạ. Quý khách có thể gửi yêu cầu đến email info@starstay.vn. Chúng tôi sẽ phản hồi sớm nhất về khả năng đáp ứng dựa trên tình trạng phòng trống tại thời điểm đó ạ.
CheckIn_EarlyCheckIn,"Trường hợp khách sạn hết phòng trống, tôi có được nhận phòng sớm không?","Dạ rất tiếc là trong trường hợp khách sạn đã kín phòng, chúng tôi không thể đáp ứng yêu cầu nhận phòng sớm. Quý khách có thể gửi hành lý tại lễ tân và chúng tôi sẽ thông báo ngay khi phòng sẵn sàng ạ."
CheckIn_EarlyCheckIn,Phí nhận phòng sớm có bao gồm ăn sáng không?,"Phí nhận phòng sớm 50% chỉ bao gồm quyền lợi lưu trú sớm. Nếu Quý khách cần dùng buffet sáng tại khách sạn, mức phí sẽ được tính riêng hoặc tùy theo gói phòng Anh/Chị đã đặt ạ."
CheckOut_LateCheckout,Giờ trả phòng quy định tại khách sạn là mấy giờ?,"Giờ trả phòng tiêu chuẩn tại StarStay Hotel là 12:00 trưa mỗi ngày, Quý khách vui lòng hoàn tất thủ tục trước khung giờ này ạ."
CheckOut_LateCheckout,Tôi muốn trả phòng muộn thì khách sạn có hỗ trợ không?,"Dạ có, StarStay Hotel hỗ trợ Quý khách trả phòng muộn tùy thuộc vào tình trạng phòng trống tại thời điểm đó ạ."
CheckOut_LateCheckout,Nếu tôi trả phòng vào lúc 13:00 thì có mất thêm phí không?,"Dạ không, khách sạn miễn phí trả phòng muộn đến 14:00. Quý khách hoàn toàn có thể yên tâm nghỉ ngơi thêm ạ."
CheckOut_LateCheckout,"Tôi muốn trả phòng vào lúc 16:00, khách sạn có tính phí không?","Dạ có, nếu Quý khách trả phòng sau 14:00, khách sạn sẽ áp dụng mức phí là 50% giá phòng của một đêm ạ."
CheckOut_LateCheckout,Quy định phí trả phòng muộn sau 14:00 được tính như thế nào?,"Sau 14:00, phí trả phòng muộn được tính là 50% giá phòng mỗi đêm. Quý khách vui lòng liên hệ lễ tân để biết chi tiết mức phí cho loại phòng Quý khách đang lưu trú ạ."
CheckOut_LateCheckout,Tôi có thể đăng ký trả phòng muộn với ai?,"Để đăng ký trả phòng muộn, Quý khách vui lòng liên hệ trực tiếp với quầy lễ tân hoặc gọi hotline 0236 999 8888 để nhân viên hỗ trợ kiểm tra tình trạng phòng ngay ạ."
CheckOut_LateCheckout,Làm sao để biết tôi có được phép trả phòng muộn hay không?,Việc trả phòng muộn phụ thuộc vào tình trạng phòng trống thực tế. Quý khách nên liên hệ lễ tân vào sáng ngày trả phòng để được xác nhận chính xác nhất ạ.
CheckOut_LateCheckout,Nếu tôi phải trả phòng muộn vì lý do khẩn cấp thì tôi nên làm gì?,"Trong trường hợp khẩn cấp, Quý khách hãy thông báo sớm nhất cho lễ tân qua hotline 0236 999 8888 để chúng tôi tìm phương án hỗ trợ tốt nhất cho Quý khách ạ."
CheckOut_LateCheckout,Khách sạn có cho phép gửi hành lý sau khi trả phòng không?,"Dạ có, nếu Quý khách đã hoàn tất thủ tục trả phòng nhưng chưa đến giờ khởi hành, chúng tôi luôn sẵn lòng hỗ trợ giữ hành lý miễn phí cho Quý khách tại khu vực lễ tân ạ."
CheckOut_LateCheckout,Tôi có thể trả phòng muộn sau 18:00 không?,"Nếu Quý khách cần trả phòng sau 18:00, khách sạn sẽ tính phí bằng giá một đêm phòng. Quý khách vui lòng liên hệ lễ tân để được tư vấn và hỗ trợ đặt giữ phòng ạ."
CheckOut_LateCheckout,Có sự khác biệt nào về phí trả phòng muộn giữa các loại phòng không?,"Quy định phí trả phòng muộn là 50% giá phòng của loại phòng Quý khách đang sử dụng. Vì vậy, mức phí sẽ thay đổi tùy thuộc vào hạng phòng Quý khách đặt ạ."
CheckOut_LateCheckout,"Tôi đã trả phòng muộn và thanh toán phí tại lễ tân, tôi có cần lấy hóa đơn không?","Dạ có, khi thanh toán bất kỳ chi phí phát sinh nào tại quầy lễ tân, Quý khách nên yêu cầu hóa đơn hoặc xác nhận thanh toán để đảm bảo quyền lợi ạ."
CheckIn_GuiHanhLy,Tôi đến Đà Nẵng sớm và muốn gửi hành lý tại khách sạn trước giờ check-in có được không?,Dạ được ạ. Quý khách hoàn toàn có thể gửi hành lý tại quầy lễ tân StarStay Hotel hoàn toàn miễn phí trước giờ nhận phòng chính thức là 14:00.
CheckIn_GuiHanhLy,"Sau khi check-out, tôi có thể để lại hành lý tại khách sạn để đi chơi tiếp không?","Dạ có ạ. Sau khi làm thủ tục trả phòng vào lúc 12:00, Quý khách có thể gửi lại hành lý tại khu vực lưu trữ an toàn của khách sạn để thoải mái tham quan Đà Nẵng trước khi rời đi."
CheckIn_GuiHanhLy,Tôi có cần trả phí khi gửi hành lý tại StarStay Hotel không?,Dạ không ạ. Dịch vụ lưu giữ hành lý tại StarStay Hotel là tiện ích miễn phí dành cho tất cả Quý khách lưu trú tại khách sạn.
CheckIn_GuiHanhLy,Lễ tân có hỗ trợ trông giữ hành lý cho tôi trong thời gian bao lâu?,"Lễ tân của chúng tôi làm việc 24/7, vì vậy Quý khách có thể gửi hành lý bất cứ lúc nào trong ngày nhận phòng hoặc ngày trả phòng. Nếu Quý khách cần gửi trong thời gian dài hơn, vui lòng liên hệ hotline 0236 999 8888 để được hỗ trợ cụ thể ạ."
CheckIn_GuiHanhLy,"Tôi có chuyến bay muộn, liệu khách sạn có chỗ để hành lý cho tôi sau khi trả phòng không?",Dạ có ạ. Quý khách cứ yên tâm gửi hành lý tại khu vực chuyên dụng của khách sạn sau khi trả phòng để tận hưởng nốt chuyến du lịch Đà Nẵng trước khi ra sân bay ạ.
CheckIn_GuiHanhLy,Khách sạn có đảm bảo an toàn cho hành lý tôi ký gửi không?,"Dạ, hành lý của Quý khách sẽ được lưu giữ tại khu vực có camera an ninh giám sát 24/7 và được quản lý bởi nhân viên lễ tân, đảm bảo an toàn tuyệt đối cho tài sản của Quý khách ạ."
CheckIn_GuiHanhLy,"Tôi muốn check-in sớm vào lúc 10 giờ sáng, tôi có thể gửi đồ rồi đi ăn sáng không?","Dạ được ạ. Quý khách có thể đến khách sạn gửi hành lý từ sớm, sau đó có thể trải nghiệm buffet sáng của chúng tôi hoặc đi tham quan trước khi quay lại làm thủ tục nhận phòng lúc 14:00 ạ."
CheckIn_GuiHanhLy,"Tôi có nhiều kiện hành lý cồng kềnh, khách sạn có hỗ trợ gửi không?","Dạ có ạ. StarStay Hotel luôn sẵn lòng hỗ trợ lưu giữ hành lý cho Quý khách bất kể số lượng, miễn là hành lý của Quý khách không bao gồm các vật liệu nguy hiểm hoặc hàng cấm theo quy định ạ."
CheckIn_GuiHanhLy,"Nếu tôi muốn nhận phòng sớm hơn 14:00, tôi có cần đóng thêm phí không?","Nếu phòng đã sẵn sàng, Quý khách có thể nhận phòng sớm. Trường hợp nhận phòng trước 14:00, khách sạn sẽ tính phí 50% giá phòng một đêm. Nếu phòng chưa sẵn sàng, Quý khách có thể gửi hành lý tại lễ tân hoàn toàn miễn phí ạ."
CheckIn_GuiHanhLy,Lễ tân có hỗ trợ mang hành lý lên phòng giúp tôi sau khi check-in không?,"Dạ có ạ. Sau khi hoàn tất thủ tục nhận phòng, nhân viên của chúng tôi sẽ rất hân hạnh được hỗ trợ Quý khách vận chuyển hành lý lên tận phòng nghỉ ạ."
NoiQuy_ThuCung,Khách sạn StarStay có cho phép mang theo thú cưng không?,"Dạ, rất tiếc là khách sạn StarStay hiện không cho phép mang theo thú cưng vào khuôn viên khách sạn để đảm bảo vệ sinh và trải nghiệm tốt nhất cho tất cả Quý khách ạ."
NoiQuy_ThuCung,"Tôi muốn mang theo một chú chó nhỏ đi cùng khi đặt phòng, khách sạn có chấp nhận không?","Dạ, StarStay Hotel có quy định không nhận lưu trú đối với thú cưng dưới mọi hình thức, bất kể kích thước ạ. Rất mong Quý khách thông cảm cho sự bất tiện này."
NoiQuy_ThuCung,Tôi có thể gửi thú cưng ở đâu nếu muốn lưu trú tại khách sạn?,"Dạ, hiện tại khách sạn không có dịch vụ giữ thú cưng. Quý khách vui lòng liên hệ các cơ sở dịch vụ chăm sóc thú cưng tại Đà Nẵng để gửi bé trước khi nhận phòng tại StarStay nhé ạ."
NoiQuy_ThuCung,Nếu tôi lén mang thú cưng vào phòng thì sẽ xảy ra chuyện gì?,"Dạ, theo quy định nghiêm ngặt của khách sạn, chúng tôi không cho phép thú cưng lưu trú. Nếu phát hiện vi phạm, khách sạn xin phép từ chối phục vụ và yêu cầu Quý khách rời khỏi cơ sở để đảm bảo quy định chung ạ."
NoiQuy_ThuCung,Chính sách của khách sạn về vật nuôi như thế nào?,"Dạ, StarStay Hotel có chính sách không tiếp nhận thú cưng nhằm đảm bảo không gian nghỉ dưỡng yên tĩnh, sạch sẽ và an toàn cho tất cả Quý khách lưu trú tại khách sạn ạ."
NoiQuy_ThuCung,Có trường hợp ngoại lệ nào cho phép mang theo thú cưng không?,"Dạ, rất tiếc là khách sạn không có ngoại lệ cho việc mang theo thú cưng. Nếu Quý khách cần thêm thông tin hỗ trợ, xin vui lòng gọi hotline 0236 999 8888 để được giải đáp cụ thể ạ."
NoiQuy_ThuCung,Tại sao khách sạn lại cấm thú cưng?,"Dạ, quy định này được đưa ra nhằm mục đích duy trì tiêu chuẩn vệ sinh, an toàn và tránh gây ảnh hưởng đến các Quý khách khác có thể bị dị ứng hoặc không thoải mái với thú cưng ạ."
NoiQuy_ThuCung,Tôi có thể mang thú cưng vào sảnh khách sạn không?,"Dạ, không ạ. Để tuân thủ nội quy khách sạn, Quý khách vui lòng không mang thú cưng vào bất kỳ khu vực nào trong tòa nhà StarStay Hotel ạ."
CheckOut_GuiDoSauKhiTra,"Tôi muốn gửi lại hành lý tại khách sạn sau khi đã làm thủ tục trả phòng, StarStay Hotel có hỗ trợ không?","Dạ có, StarStay Hotel hỗ trợ Quý khách gửi hành lý tại khu vực lễ tân hoàn toàn miễn phí sau khi Quý khách làm thủ tục trả phòng ạ."
CheckOut_GuiDoSauKhiTra,Khách sạn có thu phí khi tôi gửi đồ tại sảnh sau giờ trả phòng không?,"Dịch vụ lưu giữ hành lý tại sảnh của chúng tôi là hoàn toàn miễn phí, Quý khách có thể yên tâm gửi đồ tại lễ tân 24/7 ạ."
CheckOut_GuiDoSauKhiTra,"Tôi có chuyến bay muộn nên muốn gửi hành lý ở khách sạn sau 12 giờ trưa, tôi có cần báo trước không?","Quý khách không cần báo trước ạ. Khi làm thủ tục trả phòng, Quý khách chỉ cần thông báo với nhân viên lễ tân về thời gian dự kiến quay lại lấy hành lý để chúng tôi hỗ trợ ghi nhận thông tin."
CheckOut_GuiDoSauKhiTra,Tôi có thể gửi hành lý tại StarStay Hotel trong bao lâu?,"Quý khách có thể gửi hành lý tại khu vực lưu trữ của khách sạn trong ngày trả phòng. Nếu cần hỗ trợ đặc biệt, Quý khách vui lòng liên hệ hotline 0236 999 8888 để được giải đáp ạ."
CheckOut_GuiDoSauKhiTra,Có quy định gì về số lượng hay kích thước hành lý khi gửi tại khách sạn không?,"Khách sạn không giới hạn số lượng hành lý gửi. Tuy nhiên, nếu Quý khách có các vật dụng quá khổ hoặc tài sản đặc biệt giá trị, vui lòng báo cho nhân viên lễ tân để chúng tôi hỗ trợ bảo quản an toàn nhất ạ."
CheckOut_GuiDoSauKhiTra,Lễ tân có trông coi hành lý của tôi an toàn không?,"Khu vực lưu trữ hành lý của StarStay Hotel luôn có nhân viên lễ tân túc trực 24/7 và được giám sát bởi hệ thống camera an ninh nghiêm ngặt, đảm bảo an toàn tuyệt đối cho tài sản của Quý khách ạ."
CheckOut_GuiDoSauKhiTra,Tôi có thể lấy lại hành lý vào ban đêm sau khi đã trả phòng vào buổi sáng không?,"Dạ có, lễ tân của chúng tôi làm việc 24/7 nên Quý khách có thể quay lại nhận hành lý vào bất kỳ thời điểm nào trong ngày ạ."
CheckOut_GuiDoSauKhiTra,"Nếu tôi quên đồ trong hành lý đã gửi tại lễ tân, tôi có thể mở ra lấy lại không?","Dạ được ạ. Quý khách vui lòng liên hệ trực tiếp với nhân viên lễ tân, chúng tôi sẽ hỗ trợ Quý khách mở khu vực lưu trữ để lấy lại vật dụng cần thiết bất cứ lúc nào."
CheckOut_GuiDoSauKhiTra,Khách sạn có dịch vụ vận chuyển hành lý đã gửi ra sân bay giúp tôi được không?,Khách sạn có cung cấp dịch vụ đưa đón sân bay. Quý khách có thể đặt xe qua lễ tân và chúng tôi sẽ hỗ trợ mang hành lý ra xe giúp Quý khách ạ.
CheckOut_GuiDoSauKhiTra,Tôi có thể để lại hành lý tại khách sạn qua đêm sau khi đã check-out được không?,"Dịch vụ lưu giữ hành lý chỉ áp dụng trong ngày trả phòng. Nếu Quý khách cần gửi đồ qua đêm, vui lòng liên hệ hotline 0236 999 8888 để chúng tôi kiểm tra khả năng hỗ trợ ạ."
NoiQuy_HutThuoc,Khách sạn có cho phép hút thuốc trong phòng không?,"Tại StarStay Hotel, chúng tôi áp dụng chính sách không hút thuốc trong phòng nghỉ để đảm bảo không gian trong lành và an toàn cho tất cả Quý khách. Rất mong Quý khách thông cảm và tuân thủ quy định này ạ."
NoiQuy_HutThuoc,Nếu tôi hút thuốc trong phòng thì có bị phạt không?,"Dạ, nếu Quý khách hút thuốc trong phòng, khách sạn sẽ áp dụng mức phí phạt là 2.000.000 VNĐ để thực hiện các công tác vệ sinh và khử mùi chuyên sâu ạ."
NoiQuy_HutThuoc,"Tôi là người hút thuốc, tôi nên hút ở đâu tại khách sạn?","Để thuận tiện cho việc hút thuốc, Quý khách vui lòng di chuyển đến các khu vực được chỉ định ngoài trời của khách sạn. Nếu cần hỗ trợ chỉ dẫn khu vực cụ thể, Quý khách hãy liên hệ lễ tân qua hotline 0236 999 8888 ạ."
NoiQuy_HutThuoc,Tại sao StarStay Hotel lại cấm hút thuốc trong phòng?,"Chính sách không hút thuốc trong phòng được áp dụng nhằm mục đích đảm bảo tiêu chuẩn an toàn phòng cháy chữa cháy và mang lại bầu không khí trong lành, dễ chịu nhất cho tất cả Quý khách khi lưu trú tại khách sạn 4 sao của chúng tôi ạ."
NoiQuy_HutThuoc,Khách sạn có bố trí phòng riêng cho người hút thuốc không?,"Dạ, toàn bộ hệ thống phòng nghỉ tại StarStay Hotel đều là phòng không hút thuốc để đảm bảo môi trường lưu trú sạch sẽ. Quý khách vui lòng sử dụng các khu vực hút thuốc ngoài trời được khách sạn bố trí sẵn ạ."
NoiQuy_HutThuoc,Tôi có thể hút thuốc ở ban công phòng nghỉ không?,"Quy định không hút thuốc áp dụng cho toàn bộ không gian bên trong phòng nghỉ, bao gồm cả khu vực ban công để tránh ảnh hưởng đến các phòng lân cận. Rất mong Quý khách hợp tác ạ."
NoiQuy_HutThuoc,Tôi cần làm gì nếu phát hiện mùi thuốc lá trong phòng khi mới nhận phòng?,"Nếu gặp tình trạng này, Quý khách vui lòng liên hệ ngay với lễ tân qua số hotline 0236 999 8888 để chúng tôi kịp thời cử nhân viên hỗ trợ kiểm tra và xử lý đổi phòng hoặc khử mùi cho Quý khách ạ."
NoiQuy_HutThuoc,Phí phạt hút thuốc có được hoàn lại không?,"Dạ, phí phạt 2.000.000 VNĐ được áp dụng cho các chi phí xử lý vệ sinh và làm sạch không gian phòng theo quy định của khách sạn nên sẽ không được hoàn lại ạ."
NoiQuy_HutThuoc,Làm thế nào để biết khu vực nào được phép hút thuốc?,Quý khách có thể quan sát các biển báo chỉ dẫn khu vực hút thuốc hoặc liên hệ trực tiếp với nhân viên lễ tân 24/7 qua số 0236 999 8888 để được hướng dẫn vị trí gần nhất ạ.
NoiQuy_HutThuoc,Khách sạn có cung cấp thuốc lá hay bật lửa không?,"Dạ, StarStay Hotel không cung cấp thuốc lá hay bật lửa. Chúng tôi khuyến khích Quý khách lưu ý quy định không hút thuốc trong phòng nghỉ của chúng tôi ạ."
NoiQuy_KhachBenNgoai,Khách không lưu trú tại StarStay Hotel có được phép sử dụng hồ bơi không?,"Rất tiếc, StarStay Hotel hiện tại chỉ phục vụ tiện nghi hồ bơi và các dịch vụ nội khu dành riêng cho khách đang lưu trú tại khách sạn để đảm bảo không gian riêng tư và an ninh cho Quý khách ạ."
NoiQuy_KhachBenNgoai,Tôi muốn đến khách sạn để gặp bạn đang lưu trú thì có được lên phòng không?,"Vì lý do an ninh, khách đến thăm vui lòng gặp gỡ người thân tại khu vực sảnh chờ tầng 1. Nếu Quý khách muốn lên phòng, vui lòng đăng ký thông tin với lễ tân để được hỗ trợ ạ."
NoiQuy_KhachBenNgoai,Khách vãng lai có thể vào khách sạn để sử dụng dịch vụ Spa không?,Dịch vụ Spa tại StarStay Hotel mở cửa phục vụ cả khách lưu trú và khách bên ngoài. Quý khách vui lòng liên hệ hotline 0236 999 8888 để đặt lịch hẹn trước ạ.
NoiQuy_KhachBenNgoai,Người ngoài có được phép sử dụng bãi đỗ xe của khách sạn không?,Bãi đỗ xe của chúng tôi được ưu tiên dành riêng cho khách hàng đang lưu trú tại StarStay Hotel. Quý khách vui lòng thông cảm vì không gian có hạn ạ.
NoiQuy_KhachBenNgoai,Khách không ở khách sạn có được phép dùng bữa sáng buffet không?,"Dịch vụ buffet sáng tại StarStay Hotel hiện được phục vụ chủ yếu cho khách lưu trú. Nếu Quý khách có nhu cầu đặc biệt, vui lòng liên hệ lễ tân qua số 0236 999 8888 để được tư vấn ạ."
NoiQuy_KhachBenNgoai,Khách bên ngoài có được phép sử dụng phòng Gym không?,Tiện nghi Gym tại StarStay Hotel là dịch vụ đặc quyền dành riêng cho khách hàng đang lưu trú tại khách sạn ạ.
NoiQuy_KhachBenNgoai,Tôi có thể nhờ người quen gửi đồ tại lễ tân StarStay Hotel được không?,"Vì lý do an toàn và quản lý tài sản, chúng tôi không nhận giữ đồ cho người không lưu trú tại khách sạn. Quý khách vui lòng cân nhắc phương án khác ạ."
NoiQuy_KhachBenNgoai,Khách sạn có cho phép người ngoài vào sử dụng sảnh chờ để làm việc không?,"Khu vực sảnh chờ được thiết kế để phục vụ khách hàng làm thủ tục check-in, check-out và đón tiếp khách lưu trú. Quý khách vui lòng hạn chế sử dụng không gian này cho mục đích làm việc cá nhân nếu không lưu trú tại khách sạn ạ."
NoiQuy_KhachBenNgoai,Tôi muốn gửi thư từ hoặc bưu phẩm cho khách đang ở khách sạn có được không?,Quý khách có thể gửi bưu phẩm cho khách đang lưu trú tại StarStay Hotel. Vui lòng ghi rõ tên khách và số phòng để bộ phận lễ tân tiếp nhận và bàn giao kịp thời ạ.
NoiQuy_KhachBenNgoai,Khách sạn có quy định gì về trang phục đối với khách bên ngoài khi vào sảnh không?,"Để giữ gìn hình ảnh sang trọng của khách sạn 4 sao, chúng tôi khuyến khích Quý khách mặc trang phục lịch sự, gọn gàng khi ra vào khu vực sảnh ạ."
NoiQuy_TiecTung,Tôi có được tổ chức tiệc sinh nhật trong phòng khách sạn không?,"Quý khách có thể tổ chức các buổi tiệc nhỏ, ấm cúng trong phòng. Tuy nhiên, Quý khách vui lòng lưu ý không gây ồn ào ảnh hưởng đến các phòng xung quanh và tuân thủ quy định không hút thuốc của khách sạn ạ."
NoiQuy_TiecTung,Khách sạn có cho phép mang loa kéo hoặc dàn âm thanh công suất lớn vào phòng không?,"Để đảm bảo sự yên tĩnh và trải nghiệm nghỉ dưỡng cho tất cả khách lưu trú, StarStay Hotel không cho phép sử dụng loa kéo hoặc các thiết bị âm thanh công suất lớn trong khuôn viên khách sạn ạ."
NoiQuy_TiecTung,Tôi muốn tổ chức tiệc tối tại khu vực hồ bơi tầng thượng có được không?,"Khu vực hồ bơi tầng thượng là không gian chung dành cho khách lưu trú thư giãn. Rất tiếc, chúng tôi không cho phép tổ chức tiệc riêng tại khu vực này để đảm bảo không gian chung ạ."
NoiQuy_TiecTung,Khách sạn có quy định cụ thể về giờ giới nghiêm tiếng ồn vào buổi tối không?,"Dạ, để tôn trọng sự riêng tư của khách hàng, chúng tôi áp dụng quy định giữ yên lặng sau 22:00. Quý khách vui lòng giảm âm lượng các thiết bị và hạn chế gây ồn ào sau khung giờ này ạ."
NoiQuy_TiecTung,Nếu tôi muốn trang trí phòng để mừng kỷ niệm thì khách sạn có hỗ trợ không?,"StarStay Hotel rất hân hạnh được hỗ trợ Quý khách. Quý khách vui lòng liên hệ hotline 0236 999 8888 trước khi đến để chúng tôi tư vấn các quy định về trang trí, đảm bảo không làm hư hại nội thất phòng ạ."
NoiQuy_TiecTung,Tôi có được mời bạn bè không lưu trú tại khách sạn đến phòng chơi không?,"Quý khách có thể mời bạn bè đến thăm, tuy nhiên vui lòng thông báo với bộ phận lễ tân để đảm bảo an ninh và tuân thủ quy định về số lượng người tối đa trong phòng ạ."
NoiQuy_TiecTung,Khách sạn có cho phép sử dụng đồ uống có cồn trong phòng không?,"Quý khách hoàn toàn có thể sử dụng đồ uống có cồn trong phòng với mức độ vừa phải. Tuy nhiên, Quý khách vui lòng giữ gìn vệ sinh và không làm phiền đến các khách hàng khác ạ."
NoiQuy_TiecTung,Tôi có thể thuê nhân viên khách sạn phục vụ tiệc riêng trong phòng không?,"Dạ, khách sạn hiện chưa cung cấp dịch vụ phục vụ tiệc riêng tại phòng. Nếu Quý khách cần hỗ trợ đặt món ăn hoặc đồ uống, Quý khách có thể liên hệ lễ tân để được cung cấp menu ạ."
NoiQuy_TiecTung,Nếu tôi làm hư hại nội thất khi tổ chức tiệc trong phòng thì sao?,"Trong trường hợp có hư hại về tài sản hoặc nội thất do quá trình sử dụng, Quý khách sẽ chịu trách nhiệm bồi thường theo bảng giá niêm yết của khách sạn. Quý khách vui lòng liên hệ hotline 0236 999 8888 nếu cần hỗ trợ ạ."
NoiQuy_TiecTung,Khách sạn có nghiêm cấm việc hút thuốc trong các buổi tiệc tại phòng không?,"Dạ đúng vậy, StarStay Hotel là khách sạn không khói thuốc. Mọi hành vi hút thuốc trong phòng, kể cả trong các buổi tiệc, đều sẽ bị phạt 2.000.000 đồng theo quy định ạ."
NoiQuy_OnAo,Khách sạn có quy định gì về việc gây tiếng ồn trong phòng không?,"Để đảm bảo sự riêng tư và nghỉ ngơi cho tất cả Quý khách, StarStay Hotel yêu cầu Quý khách giữ trật tự sau 22:00. Mọi hành vi gây tiếng ồn lớn ảnh hưởng đến các phòng lân cận đều không được khuyến khích ạ."
NoiQuy_OnAo,Tôi có thể mở nhạc lớn hoặc tổ chức tiệc nhỏ trong phòng không?,"Dạ, Quý khách vui lòng không mở nhạc quá lớn hoặc tổ chức các buổi tiệc gây ồn ào trong phòng để tránh ảnh hưởng đến trải nghiệm của những khách hàng khác. Quý khách có thể liên hệ lễ tân qua số 0236 999 8888 nếu cần hỗ trợ không gian riêng tư hơn ạ."
NoiQuy_OnAo,Khung giờ nào tôi cần hạn chế tiếng ồn tại StarStay Hotel?,"Chúng tôi áp dụng khung giờ yên tĩnh bắt đầu từ 22:00 đêm cho đến 07:00 sáng hôm sau. Trong khoảng thời gian này, Quý khách vui lòng lưu ý giảm âm lượng thiết bị và hạn chế tiếng ồn lớn ạ."
NoiQuy_OnAo,"Nếu phòng bên cạnh gây ồn ào quá mức, tôi nên làm gì?","Nếu gặp tình trạng này, Quý khách vui lòng liên hệ ngay với lễ tân qua số hotline 0236 999 8888. Đội ngũ nhân viên của chúng tôi sẽ có mặt kịp thời để kiểm tra và nhắc nhở nhằm đảm bảo không gian yên tĩnh cho Quý khách ạ."
NoiQuy_OnAo,"Tôi có con nhỏ, liệu trẻ em chạy nhảy gây tiếng ồn trong hành lang có bị nhắc nhở không?","StarStay Hotel rất hoan nghênh các gia đình có trẻ nhỏ. Tuy nhiên, để đảm bảo không gian chung, chúng tôi mong Quý khách quản lý các bé tránh chạy nhảy hoặc nô đùa lớn tiếng tại khu vực hành lang và các khu vực công cộng ạ."
NoiQuy_OnAo,Việc sử dụng các thiết bị tạo âm thanh lớn tại khu vực hồ bơi có được phép không?,"Tại khu vực hồ bơi, Quý khách vui lòng sử dụng tai nghe nếu muốn nghe nhạc hoặc xem phim. Việc sử dụng loa cá nhân gây ảnh hưởng đến người xung quanh không được phép tại khu vực này ạ."
NoiQuy_OnAo,Khách sạn có xử lý các trường hợp khách hàng vi phạm quy định về tiếng ồn không?,"Dạ có ạ. Nếu nhận được phản ánh về việc gây tiếng ồn quá mức, nhân viên khách sạn sẽ đến nhắc nhở trực tiếp. Trong trường hợp vi phạm nhiều lần gây phiền toái nghiêm trọng, chúng tôi có quyền yêu cầu Quý khách ngưng sử dụng dịch vụ để đảm bảo quyền lợi cho khách khác."
NoiQuy_OnAo,"Tôi muốn tổ chức một cuộc họp nhỏ trong phòng, khách sạn có cấm không?","Nếu cuộc họp chỉ diễn ra với âm lượng bình thường và không ảnh hưởng đến các phòng xung quanh thì hoàn toàn ổn ạ. Tuy nhiên, nếu cần không gian chuyên biệt, Quý khách có thể liên hệ lễ tân để được hỗ trợ đặt dịch vụ phù hợp hơn."
NoiQuy_OnAo,Quy định về tiếng ồn có áp dụng vào ban ngày không?,"Dạ, quy định về giữ trật tự được áp dụng xuyên suốt để đảm bảo không gian thư giãn cho mọi khách hàng. Dù là ban ngày, Quý khách cũng vui lòng giữ âm lượng vừa phải, tránh các hoạt động gây tiếng ồn lớn ạ."
NoiQuy_OnAo,Tôi có thể nói chuyện điện thoại lớn tiếng ở sảnh khách sạn không?,"Khu vực sảnh là không gian chung, Quý khách vui lòng nói chuyện điện thoại với âm lượng vừa phải để giữ lịch sự chung cho mọi người xung quanh ạ."
NoiQuy_TreEm,Khách sạn có quy định cụ thể nào về việc lưu trú cùng trẻ em không?,"Chào Quý khách, tại StarStay Hotel, chúng tôi chào đón trẻ em lưu trú cùng gia đình. Tùy vào loại phòng Quý khách đặt, số lượng trẻ em đi kèm sẽ được quy định cụ thể để đảm bảo sự thoải mái và an toàn cho Quý khách ạ."
NoiQuy_TreEm,Tôi đặt phòng Tiêu chuẩn thì được phép dẫn bao nhiêu trẻ em đi cùng?,"Với phòng Tiêu chuẩn, Quý khách được phép lưu trú tối đa 2 người lớn và 1 trẻ em ạ."
NoiQuy_TreEm,Phòng Cao cấp của StarStay Hotel hỗ trợ tối đa bao nhiêu trẻ em?,Phòng Cao cấp của chúng tôi có sức chứa tối đa là 2 người lớn và 2 trẻ em ạ.
NoiQuy_TreEm,Gia đình tôi có 3 người lớn và 2 trẻ em thì nên đặt loại phòng nào?,"Với số lượng 3 người lớn và 2 trẻ em, Quý khách nên đặt phòng Suite để đảm bảo không gian rộng rãi 55 mét vuông và sự tiện nghi cho cả gia đình ạ."
NoiQuy_TreEm,Phòng Gia đình tại khách sạn chứa được mấy người lớn và trẻ em?,"Phòng Gia đình của StarStay Hotel có diện tích 75 mét vuông với 2 phòng ngủ, phục vụ tối đa 4 người lớn và 2 trẻ em ạ."
NoiQuy_TreEm,Trẻ em có được sử dụng hồ bơi trên tầng thượng của khách sạn không?,"Trẻ em hoàn toàn có thể sử dụng hồ bơi tầng thượng từ 6 giờ đến 22 giờ. Tuy nhiên, chúng tôi khuyến khích Quý khách luôn giám sát trẻ nhỏ trong suốt quá trình bơi để đảm bảo an toàn ạ."
NoiQuy_TreEm,Khách sạn có cung cấp dịch vụ trông giữ trẻ em không?,Hiện tại StarStay Hotel chưa có dịch vụ trông giữ trẻ em chuyên biệt. Quý khách vui lòng lưu ý giám sát các bé trong suốt thời gian lưu trú tại khách sạn ạ.
NoiQuy_TreEm,"Khi cho trẻ em đi cùng, tôi có cần mang theo giấy tờ tùy thân của bé không?","Dạ có, Quý khách vui lòng mang theo giấy khai sinh hoặc căn cước công dân của trẻ em để làm thủ tục check-in theo quy định pháp luật ạ."
NoiQuy_TreEm,Liệu trẻ em có bị tính phí khi sử dụng buffet sáng tại khách sạn không?,"Buffet sáng tại StarStay Hotel phục vụ từ 6 giờ 30 đến 10 giờ. Đối với chính sách phí cho trẻ em, Quý khách vui lòng liên hệ hotline 0236 999 8888 để lễ tân tư vấn chi tiết tùy theo độ tuổi của bé ạ."
NoiQuy_TreEm,Các bé có được chạy nhảy trong khu vực hành lang hoặc sảnh khách sạn không?,"Để đảm bảo không gian yên tĩnh và an toàn cho tất cả Quý khách, chúng tôi mong Quý khách vui lòng nhắc nhở các bé giữ trật tự và không chạy nhảy tại khu vực hành lang cũng như sảnh chung ạ."
NoiQuy_TreEm,Tôi có thể yêu cầu thêm nôi cho em bé trong phòng không?,Quý khách vui lòng liên hệ trực tiếp với lễ tân qua số hotline 0236 999 8888 để được kiểm tra tình trạng nôi hiện có tại khách sạn và hỗ trợ sắp xếp ạ.
NoiQuy_TreEm,"Khi ở cùng trẻ nhỏ, tôi cần lưu ý điều gì về an toàn trong phòng?","Quý khách nên chú ý đóng kỹ cửa sổ, không để trẻ chơi đùa gần khu vực ban công và luôn bảo quản các vật dụng nhỏ, sắc nhọn ngoài tầm với của trẻ để đảm bảo an toàn ạ."
NoiQuy_DoAnNgoai,Tôi có được mang đồ ăn từ ngoài vào trong phòng khách sạn không?,"Quý khách hoàn toàn có thể mang đồ ăn từ bên ngoài vào khách sạn StarStay để thưởng thức. Tuy nhiên, chúng tôi khuyến khích Quý khách giữ gìn vệ sinh chung trong phòng nghỉ ạ."
NoiQuy_DoAnNgoai,Khách sạn có cho phép đặt đồ ăn giao tận nơi từ các ứng dụng như Grab hay ShopeeFood không?,"Dạ có, Quý khách có thể đặt đồ ăn giao đến khách sạn. Vui lòng ghi rõ số phòng và tên của Quý khách để nhân viên lễ tân hỗ trợ hướng dẫn shipper giao hàng đến tận sảnh hoặc lên phòng cho Quý khách ạ."
NoiQuy_DoAnNgoai,Tôi muốn mang hải sản tươi sống về phòng để chế biến có được phép không?,"Dạ, vì lý do đảm bảo vệ sinh an toàn thực phẩm và tránh mùi khó chịu gây ảnh hưởng đến các phòng xung quanh, khách sạn không cho phép sơ chế hoặc chế biến hải sản tươi sống trong phòng nghỉ ạ."
NoiQuy_DoAnNgoai,Nếu tôi mua đồ ăn ngoài về và làm đổ ra thảm hoặc ga giường thì tôi có phải chịu phí gì không?,"Nếu xảy ra sự cố làm bẩn hoặc hỏng hóc nội thất do đồ ăn gây ra, chúng tôi sẽ cần tính phí vệ sinh hoặc phí bồi thường tùy theo mức độ thiệt hại thực tế ạ. Rất mong Quý khách lưu ý giữ gìn vệ sinh chung."
NoiQuy_DoAnNgoai,Khách sạn có cung cấp bát đĩa hoặc dụng cụ ăn uống nếu tôi mua đồ ăn ngoài về không?,"Dạ có ạ, Quý khách có thể liên hệ lễ tân qua số hotline 0236 999 8888 để được hỗ trợ cung cấp bát, đĩa hoặc thìa nĩa sử dụng một lần nếu cần thiết."
NoiQuy_DoAnNgoai,Tôi có được mang thức uống có cồn từ ngoài vào khách sạn để uống không?,"Quý khách có thể mang thức uống từ ngoài vào phòng sử dụng bình thường. Tuy nhiên, Quý khách vui lòng lưu ý không sử dụng các chất kích thích bị cấm và giữ trật tự để không ảnh hưởng đến các khách lưu trú khác ạ."
NoiQuy_DoAnNgoai,Tại sao tôi không được phép nấu nướng đồ ăn trong phòng?,"Vì lý do an toàn phòng chống cháy nổ và đảm bảo hệ thống báo cháy của khách sạn hoạt động ổn định, chúng tôi quy định không sử dụng bếp nấu trong phòng nghỉ ạ. Cảm ơn Quý khách đã thông cảm cho quy định này."
NoiQuy_DoAnNgoai,Khách sạn có chỗ để tôi cất giữ thực phẩm mua về nếu phòng không có tủ lạnh không?,Tất cả các phòng tại StarStay Hotel đều được trang bị tủ lạnh mini riêng. Quý khách có thể thoải mái bảo quản đồ ăn và thức uống mua từ ngoài về tại đó ạ.
NoiQuy_DoAnNgoai,Có hạn chế nào về loại thực phẩm được phép mang vào phòng không?,"Chúng tôi không hạn chế loại thực phẩm, ngoại trừ các loại có mùi quá nồng gây ảnh hưởng đến không khí trong phòng hoặc các loại thực phẩm trái quy định pháp luật. Rất mong Quý khách lưu ý ạ."
NoiQuy_DoAnNgoai,Nếu tôi tổ chức tiệc sinh nhật nhỏ với bánh kem trong phòng thì có cần xin phép không?,Quý khách hoàn toàn có thể tổ chức tiệc sinh nhật nhỏ trong phòng. Chỉ cần Quý khách không làm ồn ảnh hưởng đến phòng bên cạnh và đảm bảo dọn dẹp sạch sẽ sau khi tiệc kết thúc là được ạ.
CheckIn_QuyTrinh,Khách sạn StarStay Hotel quy định giờ nhận phòng là mấy giờ?,"Dạ, giờ nhận phòng tiêu chuẩn tại StarStay Hotel là 14:00 ạ."
CheckIn_QuyTrinh,Nếu tôi đến sớm trước 14:00 thì có được nhận phòng ngay không?,"Quý khách có thể nhận phòng sớm nếu khách sạn còn phòng trống. Trường hợp nhận phòng trước 14:00, chúng tôi sẽ tính phí 50% giá phòng một đêm ạ."
CheckIn_QuyTrinh,Tôi cần mang theo giấy tờ gì để làm thủ tục nhận phòng?,"Để làm thủ tục nhận phòng, Quý khách vui lòng xuất trình Căn cước công dân hoặc Hộ chiếu (đối với người nước ngoài) để nhân viên lễ tân ghi nhận thông tin theo quy định ạ."
CheckIn_QuyTrinh,Khách sạn có dịch vụ hỗ trợ làm thủ tục nhận phòng 24/7 không?,"Dạ có, quầy lễ tân của StarStay Hotel luôn sẵn sàng hỗ trợ Quý khách 24/7. Nếu Quý khách đến ngoài giờ hành chính, nhân viên của chúng tôi vẫn luôn túc trực để đón tiếp ạ."
CheckIn_QuyTrinh,"Tôi đã đặt phòng từ trước, khi đến nơi tôi cần thực hiện những bước nào để nhận phòng?","Quý khách vui lòng đến quầy lễ tân, cung cấp mã đặt phòng hoặc tên người đặt. Nhân viên sẽ tiến hành kiểm tra đơn, thu nốt số tiền cọc còn lại (nếu có) và hướng dẫn Quý khách nhận chìa khóa phòng ạ."
CheckIn_QuyTrinh,Nếu tôi chưa đặt phòng trước thì có thể đến trực tiếp khách sạn để nhận phòng không?,Quý khách hoàn toàn có thể đến trực tiếp khách sạn để thực hiện đặt phòng (Walk-in). Nhân viên lễ tân sẽ kiểm tra tình trạng phòng trống và hỗ trợ làm thủ tục nhận phòng ngay cho Quý khách ạ.
CheckIn_QuyTrinh,Khách sạn có yêu cầu đặt cọc trước khi nhận phòng không?,"Dạ có, để đảm bảo đặt chỗ, Quý khách cần đặt cọc trước 30% hoặc thanh toán đủ 100% giá trị phòng. Quý khách có thể thanh toán qua VNPay, Momo, chuyển khoản hoặc tiền mặt ạ."
CheckIn_QuyTrinh,Tôi có thể thanh toán chi phí phòng bằng thẻ Visa hoặc Master Card khi nhận phòng được không?,"Dạ được ạ, StarStay Hotel chấp nhận đa dạng các phương thức thanh toán bao gồm tiền mặt, chuyển khoản, ví điện tử (VNPay, Momo) và cả thẻ Visa/Master Card ạ."
CheckIn_QuyTrinh,"Nếu chuyến bay của tôi đến Đà Nẵng vào đêm muộn, khách sạn có tiếp nhận khách check-in không?","Dạ có, lễ tân của chúng tôi làm việc 24/7 nên Quý khách hoàn toàn yên tâm. Nếu Quý khách cần hỗ trợ đưa đón từ sân bay, vui lòng liên hệ hotline 0236 999 8888 trước để chúng tôi chuẩn bị ạ."
CheckIn_QuyTrinh,Khách sạn có quy định về việc mang theo thú cưng khi nhận phòng không?,"Rất tiếc, StarStay Hotel hiện không cho phép mang theo thú cưng dưới mọi hình thức để đảm bảo không gian nghỉ dưỡng cho tất cả Quý khách ạ."
CheckIn_QuyTrinh,Tôi muốn biết quy trình xử lý khi khách hàng hủy phòng sau khi đã đặt cọc?,"Chính sách hủy phòng của chúng tôi như sau: Hủy trước 7 ngày hoàn 100%, từ 3-7 ngày hoàn 50%, dưới 3 ngày khách sạn sẽ giữ toàn bộ tiền cọc ạ."
CheckIn_QuyTrinh,"Sau khi check-in xong, tôi có thể hỏi lễ tân về các địa điểm du lịch tại Đà Nẵng không?","Dạ chắc chắn rồi ạ! Nhân viên lễ tân của StarStay Hotel luôn sẵn lòng tư vấn cho Quý khách về các địa điểm tham quan như Bãi biển Mỹ Khê, Ngũ Hành Sơn hay Bà Nà Hills ạ."
CheckIn_QuyTrinh,Có lối đi riêng cho người khuyết tật khi làm thủ tục check-in tại sảnh không?,"Dạ có, khách sạn chúng tôi được thiết kế với lối đi dành riêng cho người khuyết tật để đảm bảo sự thuận tiện nhất cho Quý khách khi đến làm thủ tục ạ."
CheckIn_QuyTrinh,Nếu tôi muốn thay đổi loại phòng ngay tại quầy lễ tân lúc check-in thì có được không?,"Dạ được ạ, nếu tại thời điểm đó khách sạn còn phòng trống thuộc loại Quý khách mong muốn, lễ tân sẽ hỗ trợ Quý khách đổi phòng và cập nhật lại chi phí chênh lệch ạ."
CheckIn_QuyTrinh,Tôi muốn biết số điện thoại liên hệ trực tiếp cho lễ tân nếu gặp khó khăn khi làm thủ tục check-in?,"Nếu gặp bất kỳ khó khăn nào, Quý khách vui lòng gọi ngay đến hotline 24/7 của chúng tôi là 0236 999 8888 để được hỗ trợ kịp thời ạ."
TienNghi_PhongVeSinh,Phòng vệ sinh tại StarStay Hotel có được trang bị đầy đủ các vật dụng cá nhân không?,"Dạ có, phòng vệ sinh tại StarStay Hotel luôn được trang bị đầy đủ các vật dụng thiết yếu như khăn tắm, dầu gội, sữa tắm, bàn chải và máy sấy tóc để phục vụ Quý khách ạ."
TienNghi_PhongVeSinh,Tôi có cần mang theo khăn tắm khi sử dụng hồ bơi không hay khách sạn có cung cấp sẵn?,Quý khách không cần mang theo khăn tắm từ phòng đâu ạ. Tại khu vực hồ bơi tầng thượng của khách sạn luôn có sẵn khăn tắm sạch để phục vụ Quý khách.
TienNghi_PhongVeSinh,Trong phòng vệ sinh có trang bị máy sấy tóc không?,"Dạ có, tất cả các hạng phòng tại StarStay Hotel đều được trang bị máy sấy tóc trong phòng vệ sinh để thuận tiện cho việc sử dụng của Quý khách ạ."
TienNghi_PhongVeSinh,Nước nóng trong phòng vệ sinh có hoạt động 24/7 không?,"Dạ có, hệ thống nước nóng tại StarStay Hotel hoạt động 24/7 để đảm bảo Quý khách luôn có trải nghiệm thoải mái nhất. Nếu gặp vấn đề về nước nóng, Quý khách vui lòng liên hệ hotline 0236 999 8888 để được hỗ trợ ngay ạ."
TienNghi_PhongVeSinh,Khách sạn có cung cấp thêm khăn tắm hoặc đồ dùng vệ sinh nếu tôi sử dụng hết không?,"Dạ có, nếu Quý khách cần thêm khăn tắm hoặc đồ dùng vệ sinh cá nhân, vui lòng liên hệ lễ tân hoặc gọi số 0236 999 8888, nhân viên buồng phòng sẽ mang đến tận phòng cho Quý khách ạ."
TienNghi_PhongVeSinh,Phòng vệ sinh có thiết kế vách ngăn kính hay bồn tắm nằm không?,"Dạ, các phòng tại StarStay Hotel được thiết kế phòng vệ sinh hiện đại với vách ngăn kính sạch sẽ. Để biết chi tiết cụ thể cho từng hạng phòng, Quý khách vui lòng liên hệ trực tiếp qua hotline 0236 999 8888 để được tư vấn chính xác ạ."
TienNghi_PhongVeSinh,Vòi sen trong phòng có áp lực nước mạnh không?,"Dạ, hệ thống vòi sen tại khách sạn được trang bị hiện đại với áp lực nước ổn định. Nếu Quý khách thấy nước yếu, vui lòng báo ngay cho lễ tân qua số 0236 999 8888 để đội ngũ kỹ thuật hỗ trợ kiểm tra ạ."
TienNghi_PhongVeSinh,Khách sạn có hỗ trợ đồ dùng vệ sinh cho trẻ em không?,"Dạ, khách sạn cung cấp các vật dụng vệ sinh cơ bản tiêu chuẩn. Nếu gia đình có yêu cầu đặc biệt cho trẻ em, Quý khách vui lòng thông báo trước để chúng tôi chuẩn bị tốt nhất có thể ạ."
TienNghi_PhongVeSinh,Tôi muốn biết phòng vệ sinh có sạch sẽ và được dọn dẹp hàng ngày không?,"Dạ, đội ngũ buồng phòng của StarStay Hotel luôn thực hiện vệ sinh và thay mới vật dụng cá nhân hàng ngày để đảm bảo không gian nghỉ dưỡng sạch sẽ nhất cho Quý khách ạ."
TienNghi_PhongVeSinh,Có dép đi trong nhà được cung cấp trong phòng không?,"Dạ có, mỗi phòng tại StarStay Hotel đều được chuẩn bị sẵn dép đi trong nhà để Quý khách sử dụng thoải mái trong suốt thời gian lưu trú ạ."
TienNghi_MiniBar,Trong phòng nghỉ của tôi có trang bị tủ lạnh mini không?,"Dạ có, tất cả các phòng tại StarStay Hotel đều được trang bị tủ lạnh mini (minibar) để Quý khách bảo quản đồ uống và thực phẩm cá nhân ạ."
TienNghi_MiniBar,Tôi có thể sử dụng tủ lạnh trong phòng để cất đồ ăn không?,"Dạ được ạ, Quý khách hoàn toàn có thể sử dụng tủ lạnh mini trong phòng để bảo quản đồ ăn hoặc thức uống cá nhân trong suốt thời gian lưu trú."
TienNghi_MiniBar,Khách sạn có cung cấp sẵn đồ uống trong tủ lạnh không và có tính phí không?,"Dạ, tủ lạnh tại StarStay Hotel thường được để trống để Quý khách tự do sử dụng. Nếu Quý khách cần thêm đồ uống, Quý khách có thể liên hệ lễ tân hoặc gọi hotline 0236 999 8888 để được phục vụ ạ."
TienNghi_MiniBar,Tủ lạnh trong phòng có đủ lạnh để làm đá không?,"Dạ, tủ lạnh mini trong phòng được thiết kế để bảo quản thực phẩm và đồ uống ở nhiệt độ mát, không có chức năng làm đá ạ. Nếu Quý khách cần đá lạnh, xin vui lòng liên hệ lễ tân để được hỗ trợ ạ."
TienNghi_MiniBar,Tại sao tủ lạnh trong phòng tôi không thấy hoạt động?,"Dạ, Quý khách vui lòng kiểm tra xem phích cắm tủ lạnh đã được cắm vào ổ điện chưa hoặc đã bật công tắc nguồn chưa ạ. Nếu vẫn không hoạt động, xin liên hệ hotline 0236 999 8888 để nhân viên kỹ thuật hỗ trợ Quý khách ngay ạ."
TienNghi_MiniBar,Tôi muốn yêu cầu thêm nước suối để vào tủ lạnh thì liên hệ ai?,"Dạ, Quý khách vui lòng nhấn phím gọi lễ tân hoặc gọi trực tiếp đến hotline 0236 999 8888. Bộ phận buồng phòng sẽ hỗ trợ cung cấp thêm nước cho Quý khách ạ."
TienNghi_MiniBar,Tủ lạnh trong phòng hạng Tiêu chuẩn có khác gì so với phòng Suite không?,"Dạ, tất cả các hạng phòng tại StarStay Hotel đều được trang bị tủ lạnh mini tiêu chuẩn với công năng tương đương nhau để phục vụ nhu cầu của Quý khách ạ."
TienNghi_MiniBar,Tôi có thể yêu cầu khách sạn dọn dẹp tủ lạnh trong phòng không?,"Dạ có ạ, nếu Quý khách cần hỗ trợ vệ sinh tủ lạnh hoặc dọn dẹp, xin vui lòng thông báo cho lễ tân hoặc yêu cầu trực tiếp với nhân viên buồng phòng khi họ làm vệ sinh phòng hàng ngày ạ."
TienNghi_MiniBar,Tủ lạnh trong phòng có gây tiếng ồn lớn không?,"Dạ, tủ lạnh tại khách sạn là dòng mini chuyên dụng cho khách sạn nên vận hành rất êm ái, không gây ảnh hưởng đến giấc ngủ của Quý khách ạ."
TienNghi_MiniBar,Tôi để quên đồ uống trong tủ lạnh khi làm thủ tục trả phòng thì làm sao?,"Dạ, trước khi làm thủ tục trả phòng, Quý khách vui lòng kiểm tra kỹ tủ lạnh. Nếu Quý khách đã rời đi, vui lòng liên hệ hotline 0236 999 8888 để nhân viên kiểm tra và hỗ trợ lưu giữ nếu đồ vật còn giá trị sử dụng ạ."
TienNghi_MayLanh_TV,Trong phòng nghỉ của StarStay Hotel có trang bị máy lạnh không?,"Dạ có, tất cả các phòng tại StarStay Hotel đều được trang bị hệ thống máy lạnh hiện đại, đảm bảo không gian luôn mát mẻ và thoải mái cho Quý khách ạ."
TienNghi_MayLanh_TV,Tôi muốn biết các phòng tại khách sạn có tivi không?,"Dạ có, mỗi phòng nghỉ tại khách sạn chúng tôi đều được lắp đặt tivi màn hình phẳng với nhiều kênh truyền hình cáp chất lượng cao để Quý khách thư giãn ạ."
TienNghi_MayLanh_TV,Tôi có thể tự điều chỉnh nhiệt độ máy lạnh trong phòng không?,Dạ hoàn toàn được ạ. Quý khách có thể tùy chỉnh nhiệt độ máy lạnh theo ý muốn thông qua bảng điều khiển gắn tường trong phòng để có trải nghiệm nghỉ ngơi tốt nhất.
TienNghi_MayLanh_TV,Tivi trong phòng có hỗ trợ kết nối internet hoặc xem YouTube không?,"Dạ, tivi tại các phòng của chúng tôi là Smart TV, hỗ trợ kết nối internet để Quý khách có thể xem YouTube hoặc các ứng dụng giải trí trực tuyến khác ạ."
TienNghi_MayLanh_TV,"Nếu máy lạnh trong phòng gặp sự cố không mát, tôi nên liên hệ với ai?","Nếu gặp bất kỳ vấn đề gì về máy lạnh, Quý khách vui lòng liên hệ ngay với lễ tân qua hotline 0236 999 8888 để đội ngũ kỹ thuật của chúng tôi hỗ trợ xử lý kịp thời ạ."
TienNghi_MayLanh_TV,Khách sạn có cung cấp điều khiển từ xa cho tivi và máy lạnh không?,"Dạ có, mỗi thiết bị đều có điều khiển từ xa được đặt sẵn trong phòng. Nếu Quý khách không tìm thấy hoặc thiết bị hết pin, xin hãy gọi lễ tân để chúng tôi thay mới ngay ạ."
TienNghi_MayLanh_TV,Tôi có thể kết nối điện thoại lên tivi trong phòng được không?,"Dạ, tivi tại StarStay Hotel hỗ trợ các tính năng trình chiếu thông minh. Quý khách có thể thực hiện kết nối theo hướng dẫn hiển thị trên màn hình tivi hoặc liên hệ lễ tân để được hỗ trợ ạ."
TienNghi_MayLanh_TV,Tại sao tivi trong phòng tôi không có tín hiệu?,"Dạ, có thể do đường truyền hoặc cài đặt tạm thời, Quý khách vui lòng kiểm tra lại nguồn điện hoặc liên hệ hotline 0236 999 8888 để nhân viên kỹ thuật hỗ trợ kiểm tra nhanh chóng ạ."
TienNghi_MayLanh_TV,Khách sạn có dịch vụ hỗ trợ nếu tôi không biết cách sử dụng tivi và máy lạnh không?,Dạ chắc chắn rồi ạ. Đội ngũ nhân viên của StarStay Hotel luôn sẵn lòng hỗ trợ hướng dẫn Quý khách sử dụng mọi thiết bị trong phòng 24/7. Quý khách cứ liên hệ lễ tân nhé.
TienNghi_MayLanh_TV,Máy lạnh trong phòng có gây tiếng ồn lớn khi vận hành không?,"Dạ không đâu ạ, hệ thống máy lạnh tại StarStay Hotel được thiết kế vận hành êm ái, đảm bảo mang lại không gian yên tĩnh tuyệt đối cho giấc ngủ của Quý khách."
TienNghi_KetSat,Trong phòng nghỉ của khách sạn có trang bị két sắt an toàn không?,"Dạ có, tất cả các phòng tại StarStay Hotel đều được trang bị két sắt cá nhân an toàn để Quý khách yên tâm lưu trữ tư trang và giấy tờ quan trọng ạ."
TienNghi_KetSat,"Tôi muốn cất giữ hộ chiếu và tiền mặt, khách sạn có chỗ nào an toàn để cất không?","Dạ, trong mỗi phòng đều có sẵn két sắt được thiết kế riêng cho Quý khách. Quý khách có thể tự thiết lập mật mã cá nhân để sử dụng an toàn tuyệt đối ạ."
TienNghi_KetSat,Két sắt trong phòng có mất phí sử dụng không?,"Dạ không ạ, dịch vụ sử dụng két sắt trong phòng là tiện nghi miễn phí dành cho tất cả Quý khách khi lưu trú tại StarStay Hotel."
TienNghi_KetSat,Tôi quên mật khẩu két sắt trong phòng thì phải làm sao?,"Dạ, nếu gặp sự cố với két sắt, Quý khách vui lòng liên hệ ngay với lễ tân qua hotline 0236 999 8888 để nhân viên kỹ thuật hỗ trợ mở khóa kịp thời cho Quý khách ạ."
TienNghi_KetSat,Két sắt trong phòng có đủ rộng để đựng máy tính xách tay không?,"Dạ, két sắt tại phòng được thiết kế phù hợp cho các vật dụng cá nhân như hộ chiếu, ví tiền, điện thoại và máy tính bảng. Nếu Quý khách cần cất giữ máy tính xách tay kích thước lớn, vui lòng liên hệ lễ tân để được hỗ trợ cất giữ tại két sắt tổng của khách sạn ạ."
TienNghi_KetSat,Tôi có cần đặt cọc để được sử dụng két sắt trong phòng không?,"Dạ không cần ạ. Két sắt là tiện nghi có sẵn trong phòng và hoàn toàn miễn phí, Quý khách không cần đặt cọc hay đăng ký trước ạ."
TienNghi_KetSat,Khách sạn có đảm bảo an toàn cho tài sản của tôi khi để trong phòng không?,"Dạ, StarStay Hotel luôn đặt an ninh lên hàng đầu với hệ thống camera giám sát toàn bộ hành lang và két sắt cá nhân trong mỗi phòng. Chúng tôi cam kết mang đến không gian lưu trú an toàn nhất cho Quý khách ạ."
TienNghi_KetSat,"Nếu tôi không biết cách cài đặt mã khóa cho két sắt, ai có thể giúp tôi?","Dạ, Quý khách chỉ cần gọi số 0236 999 8888 hoặc nhấn phím gọi lễ tân, nhân viên khách sạn sẽ đến tận phòng để hướng dẫn Quý khách thao tác cài đặt mật mã nhanh chóng ạ."
TienNghi_KetSat,Két sắt tại phòng có an toàn hơn việc để đồ trong tủ quần áo không?,Dạ chắc chắn là có ạ. Két sắt có hệ thống khóa bảo mật riêng biệt giúp bảo vệ tài sản của Quý khách tốt hơn nhiều so với việc để trong tủ quần áo thông thường ạ.
TienNghi_KetSat,Tôi nên làm gì nếu phát hiện két sắt trong phòng bị hỏng?,"Dạ, nếu phát hiện bất kỳ vấn đề gì về két sắt, Quý khách vui lòng thông báo ngay cho lễ tân qua hotline 0236 999 8888 để chúng tôi kiểm tra và sửa chữa ngay lập tức ạ."
TienNghi_Wifi,Khách sạn StarStay có cung cấp dịch vụ wifi không?,"Dạ có, StarStay Hotel cung cấp dịch vụ wifi miễn phí phủ sóng toàn bộ khuôn viên khách sạn để phục vụ Quý khách ạ."
TienNghi_Wifi,Tôi cần kết nối wifi thì mật khẩu là gì?,"Dạ, khi làm thủ tục nhận phòng, lễ tân sẽ cung cấp thông tin tài khoản và mật khẩu wifi chi tiết cho Quý khách ạ."
TienNghi_Wifi,Tốc độ wifi tại khách sạn có đủ nhanh để tôi làm việc trực tuyến không?,"Dạ, hệ thống wifi của chúng tôi được thiết kế với tốc độ cao và ổn định, hoàn toàn đáp ứng tốt nhu cầu họp trực tuyến hoặc làm việc từ xa của Quý khách ạ."
TienNghi_Wifi,Khu vực hồ bơi trên tầng thượng có bắt được wifi không?,"Dạ có, hệ thống wifi của StarStay được phủ sóng toàn bộ khách sạn, bao gồm cả khu vực hồ bơi tầng thượng nên Quý khách có thể thoải mái truy cập ạ."
TienNghi_Wifi,Tôi có thể sử dụng wifi tại phòng gym của khách sạn không?,"Dạ hoàn toàn được ạ. Phòng gym của khách sạn nằm trong vùng phủ sóng wifi, Quý khách có thể kết nối bình thường để nghe nhạc hoặc giải trí trong lúc tập luyện ạ."
TienNghi_Wifi,Wifi tại sảnh chờ và wifi trong phòng có phải là hai mạng khác nhau không?,"Dạ, chúng tôi sử dụng hệ thống wifi chung toàn khách sạn để Quý khách có thể duy trì kết nối xuyên suốt khi di chuyển từ sảnh lên phòng ạ."
TienNghi_Wifi,"Tôi gặp khó khăn khi kết nối wifi lần đầu, tôi nên làm gì?","Dạ, nếu gặp khó khăn khi kết nối, Quý khách vui lòng liên hệ lễ tân qua số hotline 0236 999 8888 để được nhân viên hỗ trợ cài đặt ngay lập tức ạ."
TienNghi_Wifi,Khách sạn có giới hạn số lượng thiết bị được kết nối wifi cùng lúc không?,"Dạ, mỗi phòng đều có thể kết nối nhiều thiết bị cùng lúc. Tuy nhiên nếu Quý khách có nhu cầu đặc biệt, xin vui lòng báo với lễ tân để được hỗ trợ tốt nhất ạ."
TienNghi_Wifi,"Tại sao điện thoại của tôi không truy cập được wifi, tôi phải làm sao?","Dạ, Quý khách vui lòng thử khởi động lại thiết bị hoặc kiểm tra lại mật khẩu. Nếu vẫn không được, xin hãy gọi đến số 0236 999 8888, chúng tôi sẽ cử nhân viên kỹ thuật hỗ trợ Quý khách ngay ạ."
TienNghi_Wifi,Dịch vụ wifi tại StarStay có tính phí sử dụng không?,"Dạ, dịch vụ wifi tại StarStay Hotel hoàn toàn miễn phí cho tất cả Quý khách lưu trú tại khách sạn ạ."
TienNghi_Wifi,Tôi có thể sử dụng wifi để xem video chất lượng cao không?,"Dạ có, đường truyền wifi tại khách sạn có băng thông lớn, đảm bảo Quý khách có trải nghiệm mượt mà khi xem phim hoặc video chất lượng cao ạ."
TienNghi_Wifi,"Khi tôi rời khỏi phòng ra khu vực công cộng, wifi có tự động ngắt kết nối không?","Dạ không ạ, hệ thống mạng của chúng tôi hỗ trợ chuyển vùng thông minh, giúp thiết bị của Quý khách tự động duy trì kết nối khi di chuyển trong khách sạn ạ."
TienNghi_Wifi,Có cần phải đăng nhập qua trang web khi sử dụng wifi của khách sạn không?,"Dạ, tùy vào thiết bị mà hệ thống có thể yêu cầu nhập mật khẩu một lần duy nhất. Nếu cần hỗ trợ xác thực, Quý khách đừng ngần ngại gọi 0236 999 8888 ạ."
TienNghi_Wifi,Mạng wifi tại khách sạn có bảo mật không?,"Dạ, hệ thống wifi của chúng tôi được thiết lập bảo mật tiêu chuẩn để đảm bảo an toàn thông tin cho Quý khách khi truy cập mạng ạ."
TienNghi_Wifi,Tôi muốn biết liệu wifi có phủ sóng đến khu vực đỗ xe không?,"Dạ, khu vực wifi phủ sóng chủ yếu trong tòa nhà và các tiện ích như hồ bơi, gym. Tại khu vực đỗ xe, tín hiệu có thể không ổn định, Quý khách thông cảm nhé ạ."
TienIch_HoBoi,Khách sạn StarStay có hồ bơi không?,"Dạ có ạ, StarStay Hotel có hồ bơi nằm tại tầng thượng, sẵn sàng phục vụ Quý khách trong suốt thời gian lưu trú."
TienIch_HoBoi,Hồ bơi tại khách sạn mở cửa vào khung giờ nào?,Hồ bơi của chúng tôi mở cửa đón khách từ 06:00 sáng đến 22:00 tối hàng ngày ạ.
TienIch_HoBoi,Tôi có phải trả phí khi sử dụng hồ bơi tại StarStay Hotel không?,"Dạ không ạ, dịch vụ hồ bơi tại tầng thượng hoàn toàn miễn phí dành cho tất cả khách lưu trú tại khách sạn."
TienIch_HoBoi,Khách sạn có cung cấp khăn tắm tại khu vực hồ bơi không?,"Dạ có ạ, chúng tôi luôn chuẩn bị sẵn khăn tắm sạch tại khu vực hồ bơi để phục vụ nhu cầu của Quý khách."
TienIch_HoBoi,Trẻ em có được phép xuống hồ bơi của khách sạn không?,"Dạ có ạ, tuy nhiên chúng tôi khuyến khích Quý khách nên giám sát trẻ nhỏ cẩn thận khi vui chơi tại hồ bơi để đảm bảo an toàn."
TienIch_HoBoi,Hồ bơi của khách sạn có view nhìn ra biển không?,"Dạ có ạ, hồ bơi của chúng tôi nằm ở tầng thượng với tầm nhìn thoáng đãng, là địa điểm lý tưởng để Quý khách ngắm nhìn toàn cảnh biển Đà Nẵng."
TienIch_HoBoi,Tôi có cần mang theo đồ bơi từ nhà không?,"Dạ, Quý khách vui lòng chuẩn bị đồ bơi cá nhân để thoải mái nhất khi sử dụng hồ bơi tại khách sạn ạ."
TienIch_HoBoi,Tôi muốn gọi đồ uống khi đang thư giãn ở hồ bơi có được không?,"Dạ, Quý khách có thể liên hệ lễ tân qua số hotline 0236 999 8888 để được hỗ trợ các dịch vụ phục vụ đồ uống tại khu vực hồ bơi ạ."
TienIch_HoBoi,Hồ bơi có khu vực dành riêng cho người không biết bơi hay trẻ em không?,"Hồ bơi của chúng tôi có thiết kế độ sâu an toàn, tuy nhiên Quý khách vui lòng lưu ý trông chừng trẻ nhỏ và người không biết bơi khi sử dụng dịch vụ ạ."
TienIch_HoBoi,Nếu tôi gặp sự cố hoặc cần hỗ trợ khẩn cấp tại hồ bơi thì gọi cho ai?,"Trong mọi tình huống cần hỗ trợ khẩn cấp, Quý khách vui lòng gọi ngay cho lễ tân qua hotline 0236 999 8888, chúng tôi luôn túc trực 24/7 ạ."
TienIch_Gym,Khách sạn có phòng tập thể dục không?,"Dạ có, StarStay Hotel cung cấp phòng tập gym hiện đại, trang bị đầy đủ thiết bị để Quý khách duy trì việc rèn luyện sức khỏe trong suốt kỳ nghỉ ạ."
TienIch_Gym,Phòng tập gym tại khách sạn mở cửa vào khung giờ nào?,Phòng tập gym của khách sạn mở cửa 24/7 để phục vụ nhu cầu tập luyện của Quý khách bất cứ lúc nào ạ.
TienIch_Gym,Tôi có phải trả thêm phí khi sử dụng phòng tập gym tại StarStay Hotel không?,"Dạ không ạ, dịch vụ phòng tập gym hoàn toàn miễn phí dành cho tất cả khách lưu trú tại khách sạn."
TienIch_Gym,Phòng tập gym của khách sạn nằm ở tầng mấy?,Quý khách vui lòng liên hệ lễ tân tại quầy hoặc gọi hotline 0236 999 8888 để được hướng dẫn chính xác vị trí phòng tập nhé ạ.
TienIch_Gym,"Tôi muốn tập thể dục buổi đêm, phòng gym có đảm bảo an ninh không?",Dạ hoàn toàn yên tâm ạ. Khách sạn có hệ thống camera an ninh 24/7 tại các khu vực chung và đội ngũ lễ tân túc trực xuyên suốt để hỗ trợ Quý khách.
TienIch_Gym,Thiết bị trong phòng tập gym gồm có những gì?,"Phòng gym của chúng tôi được trang bị các loại máy tập cơ bản và hiện đại bao gồm máy chạy bộ, máy đạp xe và các thiết bị tạ để đáp ứng nhu cầu tập luyện cơ bản của Quý khách ạ."
TienIch_Gym,Tôi có cần đặt lịch trước khi xuống phòng tập gym không?,Dạ không cần ạ. Quý khách có thể tự do xuống phòng tập bất cứ lúc nào theo nhu cầu cá nhân mà không cần đặt lịch trước.
TienIch_Gym,"Khi sử dụng phòng tập, tôi có được cung cấp khăn tắm hay nước uống miễn phí không?","Dạ, tại khu vực phòng gym luôn có sẵn các tiện nghi cơ bản. Nếu cần hỗ trợ thêm khăn tắm hoặc nước uống, Quý khách vui lòng liên hệ lễ tân qua số 0236 999 8888 ạ."
TienIch_Gym,Nếu tôi gặp vấn đề về thiết bị tập luyện trong phòng gym thì báo cho ai?,"Dạ, nếu phát hiện thiết bị có vấn đề hoặc cần hỗ trợ, Quý khách vui lòng gọi ngay hotline 0236 999 8888 để nhân viên khách sạn hỗ trợ kịp thời ạ."
TienIch_Gym,Phòng tập gym có giới hạn số lượng người vào cùng lúc không?,"Dạ, thông thường phòng gym hoạt động thoải mái cho khách lưu trú. Trong trường hợp quá đông, Quý khách có thể đợi một chút hoặc liên hệ lễ tân để được hỗ trợ thông tin ạ."
TienNghi_RoomService,Khách sạn StarStay có những tiện nghi nào được cung cấp miễn phí cho khách lưu trú?,"Quý khách được sử dụng miễn phí các tiện nghi bao gồm: Wifi toàn khách sạn, hồ bơi tầng thượng (06:00-22:00), phòng gym 24/7, buffet sáng (06:30-10:00), dịch vụ spa (09:00-22:00) và bãi đậu xe ô tô, xe máy ạ."
TienNghi_RoomService,Tôi muốn biết thời gian mở cửa của hồ bơi tại khách sạn là khi nào?,Hồ bơi tại tầng thượng của khách sạn StarStay mở cửa phục vụ Quý khách từ 06:00 đến 22:00 hàng ngày ạ.
TienNghi_RoomService,Phòng gym của khách sạn có mở cửa vào ban đêm không?,"Dạ có, phòng gym tại StarStay Hotel phục vụ Quý khách xuyên suốt 24/7, giúp Anh/Chị chủ động thời gian luyện tập ạ."
TienNghi_RoomService,Tôi có thể sử dụng dịch vụ spa vào khung giờ nào?,Dịch vụ spa của chúng tôi mở cửa đón khách từ 09:00 đến 22:00 mỗi ngày. Rất hân hạnh được phục vụ Quý khách ạ.
TienNghi_RoomService,Khách sạn có cung cấp dịch vụ giặt ủi cho khách không và giá cả thế nào?,"StarStay có cung cấp dịch vụ giặt ủi với mức giá 30.000 đồng/món. Nếu Quý khách cần giặt nhanh trong vòng 1 giờ, chúng tôi sẽ phụ thu thêm 50% phí ạ."
TienNghi_RoomService,Tôi có thể thuê xe máy hoặc xe đạp ngay tại khách sạn được không?,Dạ được ạ. Khách sạn hiện có cho thuê xe máy với giá 150.000 đồng/ngày và xe đạp với giá 50.000 đồng/ngày để Quý khách thuận tiện tham quan Đà Nẵng.
TienNghi_RoomService,Buffet sáng tại khách sạn bắt đầu từ mấy giờ?,Buffet sáng tại nhà hàng phục vụ từ 06:30 đến 10:00 sáng hàng ngày. Nếu Quý khách đặt phòng hạng Cao cấp trở lên thì dịch vụ này đã bao gồm trong giá phòng ạ.
TienNghi_RoomService,"Nếu tôi không đặt phòng bao gồm ăn sáng, tôi có thể mua vé buffet không?","Dạ có ạ, Quý khách có thể mua vé buffet sáng tại quầy lễ tân với giá 150.000 đồng/người."
TienNghi_RoomService,Khách sạn có hỗ trợ lối đi cho người khuyết tật không?,"Để đảm bảo sự thuận tiện cho mọi khách hàng, StarStay Hotel được trang bị đầy đủ thang máy và lối đi dành riêng cho người khuyết tật ạ."
TienNghi_RoomService,Trong phòng có trang bị két sắt để tôi cất giữ tài sản cá nhân không?,Tất cả các phòng tại StarStay đều được trang bị két sắt an toàn để Quý khách yên tâm lưu trú ạ.
TienNghi_RoomService,Tôi muốn biết giá dịch vụ massage chân tại khách sạn là bao nhiêu?,Dịch vụ massage chân tại spa của chúng tôi có giá 300.000 đồng cho liệu trình 45 phút ạ.
TienNghi_RoomService,Khách sạn có dịch vụ spa toàn thân không và giá bao nhiêu?,Chúng tôi có cung cấp dịch vụ spa toàn thân với giá 800.000 đồng cho liệu trình 90 phút. Anh/Chị vui lòng liên hệ hotline 0236 999 8888 để đặt lịch ạ.
TienNghi_RoomService,Tôi có được mang thú cưng vào phòng khách sạn không?,"Rất tiếc, StarStay Hotel có chính sách không cho phép mang theo thú cưng để đảm bảo vệ sinh và không gian chung cho các khách hàng khác ạ."
TienNghi_RoomService,Tôi có được phép hút thuốc trong phòng nghỉ không?,"Khách sạn áp dụng chính sách không hút thuốc trong phòng để đảm bảo an toàn phòng cháy chữa cháy. Nếu vi phạm, Quý khách sẽ bị phạt 2 triệu đồng ạ."
TienNghi_RoomService,Tôi muốn gửi xe ô tô tại khách sạn thì có mất phí không?,"Dạ không, StarStay cung cấp bãi đậu xe miễn phí cho cả ô tô và xe máy của Quý khách ạ."
TienNghi_RoomService,Lễ tân có hỗ trợ 24/7 nếu tôi cần dịch vụ phòng gấp không?,"Dạ có ạ, lễ tân của chúng tôi luôn túc trực 24/7. Quý khách vui lòng gọi hotline 0236 999 8888 để được hỗ trợ mọi vấn đề kịp thời ạ."
TienNghi_RoomService,Hệ thống an ninh của khách sạn được đảm bảo như thế nào?,"An ninh tại StarStay được đảm bảo tối đa với camera giám sát dọc các hành lang, két sắt trong phòng và đội ngũ lễ tân hỗ trợ 24/7 ạ."
TienNghi_RoomService,"Tôi muốn đặt dịch vụ đưa đón sân bay, khách sạn có cung cấp không?",Dạ có ạ. Chúng tôi cung cấp dịch vụ đưa đón sân bay với giá 500.000 đồng/lượt cho xe 4 chỗ và 800.000 đồng/lượt cho xe 7 chỗ ạ.
TienNghi_RoomService,Wifi tại phòng có miễn phí không và làm sao để kết nối?,Wifi được cung cấp miễn phí hoàn toàn trong khuôn viên khách sạn. Quý khách có thể kết nối bằng thông tin được cung cấp ngay tại bảng thông tin trong phòng ạ.
TienNghi_RoomService,"Tôi cần hỗ trợ gấp về dịch vụ phòng, tôi nên liên hệ qua đâu?",Quý khách vui lòng gọi điện trực tiếp đến hotline 0236 999 8888 hoạt động 24/7 để chúng tôi có thể hỗ trợ Anh/Chị nhanh nhất ạ.
TienIch_Parking,Khách sạn có chỗ đỗ xe cho khách lưu trú không?,"Dạ có, StarStay Hotel cung cấp bãi đỗ xe miễn phí ngay trong khuôn viên khách sạn dành cho Quý khách lưu trú ạ."
TienIch_Parking,Tôi đi xe máy đến khách sạn thì có chỗ để xe không?,"Dạ hoàn toàn có ạ. Khách sạn chúng tôi có khu vực đậu xe máy riêng biệt, an toàn và hoàn toàn miễn phí cho Quý khách."
TienIch_Parking,Khách sạn có bãi đỗ xe dành cho ô tô cá nhân không?,Dạ có ạ. StarStay Hotel có bố trí khu vực đỗ xe ô tô rộng rãi và miễn phí cho khách hàng của khách sạn.
TienIch_Parking,Tôi có cần đặt chỗ trước cho xe ô tô không?,"Dạ không cần đâu ạ. Bãi đỗ xe của khách sạn luôn sẵn sàng phục vụ Quý khách, Quý khách cứ thoải mái đến và nhân viên bảo vệ sẽ hướng dẫn chỗ đỗ cụ thể ạ."
TienIch_Parking,Chi phí gửi xe tại StarStay Hotel là bao nhiêu?,"Dạ, dịch vụ gửi xe ô tô và xe máy tại khách sạn là hoàn toàn miễn phí dành cho tất cả Quý khách đang lưu trú tại StarStay Hotel ạ."
TienIch_Parking,Bãi đỗ xe của khách sạn có an ninh không?,"Dạ, khu vực đỗ xe của chúng tôi luôn có đội ngũ bảo vệ túc trực 24/7 và hệ thống camera giám sát an ninh chặt chẽ, Quý khách có thể hoàn toàn yên tâm ạ."
TienIch_Parking,"Nếu tôi đến sớm trước giờ nhận phòng, tôi có được gửi xe tại khách sạn không?","Dạ có ạ. Quý khách có thể gửi xe tại bãi đỗ của khách sạn trước khi làm thủ tục nhận phòng. Nếu cần hỗ trợ thêm, Quý khách vui lòng liên hệ hotline 0236 999 8888 ạ."
TienIch_Parking,Khách sạn có dịch vụ trông giữ xe qua đêm cho khách không?,"Dạ có ạ. Chúng tôi cung cấp dịch vụ trông giữ xe 24/7 cho khách lưu trú, đảm bảo an toàn cho phương tiện của Quý khách suốt thời gian ở lại khách sạn."
TienIch_Parking,Tôi có thể để xe lại khách sạn sau khi đã làm thủ tục trả phòng không?,"Dạ, thông thường bãi đỗ xe ưu tiên phục vụ khách đang lưu trú. Tuy nhiên, nếu Quý khách có nhu cầu gửi xe tạm thời sau khi trả phòng, vui lòng liên hệ trực tiếp lễ tân để được hỗ trợ ạ."
TienIch_Parking,Bãi đỗ xe của khách sạn có mái che không?,"Dạ, khu vực đỗ xe của chúng tôi được thiết kế an toàn và thuận tiện. Để biết chi tiết vị trí đỗ cụ thể cho loại xe của mình, Quý khách vui lòng hỏi nhân viên bảo vệ khi đến nơi ạ."
TienIch_ThangMay,Khách sạn StarStay có trang bị thang máy không?,"Dạ có, StarStay Hotel được trang bị hệ thống thang máy hiện đại, an toàn và hoạt động 24/7 để phục vụ việc di chuyển của Quý khách giữa các tầng ạ."
TienIch_ThangMay,Tôi mang theo xe đẩy trẻ em thì có thể sử dụng thang máy để lên phòng không?,"Dạ hoàn toàn được ạ. Thang máy của khách sạn khá rộng rãi, rất thuận tiện để Quý khách di chuyển cùng xe đẩy trẻ em hoặc hành lý cồng kềnh lên phòng."
TienIch_ThangMay,Khách sạn có lối đi riêng hoặc thang máy dành cho người khuyết tật không?,"Dạ có ạ. StarStay Hotel luôn chú trọng trải nghiệm của mọi khách hàng, vì vậy chúng tôi có thiết kế lối đi và hệ thống thang máy thuận tiện cho người khuyết tật sử dụng."
TienIch_ThangMay,Thang máy của khách sạn có hoạt động xuyên suốt vào ban đêm không?,"Dạ có, thang máy tại khách sạn hoạt động 24/7. Nếu Quý khách gặp bất kỳ vấn đề gì trong quá trình sử dụng, vui lòng liên hệ lễ tân qua số 0236 999 8888 để được hỗ trợ ngay ạ."
TienIch_ThangMay,"Tôi ở tầng cao nhất, việc di chuyển bằng thang máy có nhanh không?","Dạ, khách sạn chúng tôi sử dụng thang máy tốc độ cao, đảm bảo việc di chuyển giữa các tầng diễn ra nhanh chóng và êm ái, giúp Quý khách tiết kiệm thời gian nhất ạ."
TienIch_ThangMay,Tại sao tôi không thấy thang máy hoạt động khi vừa quẹt thẻ phòng?,"Dạ, để đảm bảo an ninh, hệ thống thang máy yêu cầu Quý khách quẹt thẻ từ tại bảng điều khiển trước khi chọn tầng. Nếu vẫn không hoạt động, Quý khách vui lòng liên hệ hotline 0236 999 8888 để nhân viên hỗ trợ ạ."
TienIch_ThangMay,"Trong trường hợp mất điện, thang máy của khách sạn có hệ thống dự phòng không?","Dạ, khách sạn luôn ưu tiên sự an toàn của Quý khách. Chúng tôi có hệ thống điện dự phòng đảm bảo thang máy vẫn hoạt động hoặc đưa Quý khách về tầng gần nhất một cách an toàn nếu có sự cố xảy ra ạ."
TienIch_ThangMay,Tôi có thể di chuyển bằng thang máy thẳng lên khu vực hồ bơi trên tầng thượng không?,"Dạ có ạ, Quý khách có thể sử dụng thang máy để di chuyển trực tiếp từ sảnh hoặc phòng nghỉ lên khu vực hồ bơi tại tầng thượng một cách dễ dàng."
DichVu_Spa,Khách sạn có dịch vụ spa thư giãn không?,"Dạ có, StarStay Hotel cung cấp dịch vụ spa chuyên nghiệp phục vụ Quý khách từ 09:00 đến 22:00 hàng ngày ạ."
DichVu_Spa,Thời gian hoạt động của khu vực spa là từ mấy giờ đến mấy giờ?,Dịch vụ spa tại StarStay Hotel mở cửa từ 09:00 sáng đến 22:00 tối để phục vụ Quý khách ạ.
DichVu_Spa,Giá dịch vụ spa toàn thân tại khách sạn là bao nhiêu?,"Dạ, gói dịch vụ spa toàn thân tại StarStay Hotel có giá 800.000 đồng cho liệu trình 90 phút ạ."
DichVu_Spa,Tôi muốn massage chân thì giá bao nhiêu?,"Dạ, dịch vụ massage chân tại khách sạn có giá 300.000 đồng cho liệu trình 45 phút ạ."
DichVu_Spa,Spa của StarStay Hotel có thu phí sử dụng không?,"Dạ, dịch vụ spa là dịch vụ trả phí. Giá cụ thể là 800.000 đồng cho 90 phút spa toàn thân và 300.000 đồng cho 45 phút massage chân ạ."
DichVu_Spa,Tôi có cần đặt lịch trước khi đến sử dụng dịch vụ spa không?,"Để được phục vụ tốt nhất và tránh thời gian chờ đợi, Quý khách nên đặt lịch trước qua lễ tân hoặc liên hệ hotline 0236 999 8888 ạ."
DichVu_Spa,Dịch vụ spa toàn thân kéo dài trong bao lâu?,"Dạ, liệu trình spa toàn thân tại khách sạn kéo dài trong 90 phút, giúp Quý khách thư giãn tối đa sau một ngày dài ạ."
DichVu_Spa,Tôi có thể đặt dịch vụ massage chân vào buổi tối muộn được không?,"Dạ được ạ, dịch vụ spa của chúng tôi hoạt động đến 22:00 hàng ngày, Quý khách vui lòng liên hệ lễ tân để sắp xếp lịch hẹn nhé."
DichVu_Spa,Dịch vụ spa có bao gồm trong giá phòng không?,"Dạ không ạ, spa là dịch vụ trả phí riêng biệt tại StarStay Hotel. Quý khách có thể xem bảng giá tại quầy lễ tân hoặc liên hệ hotline 0236 999 8888 để được hỗ trợ ạ."
DichVu_Spa,Khách sạn có dịch vụ làm đẹp nào khác ngoài massage không?,"Hiện tại StarStay Hotel tập trung cung cấp dịch vụ spa toàn thân và massage chân. Nếu cần thêm thông tin, Quý khách vui lòng gọi 0236 999 8888 để lễ tân tư vấn chi tiết ạ."
TienIch_NhaHang,Khách sạn StarStay có phục vụ ăn sáng không?,"Dạ có, StarStay Hotel phục vụ buffet sáng tại nhà hàng từ 06:30 đến 10:00 hàng ngày ạ."
TienIch_NhaHang,Giá ăn sáng buffet tại khách sạn là bao nhiêu?,"Giá vé buffet sáng là 150.000 đồng một người. Đặc biệt, ưu đãi này đã được bao gồm sẵn nếu Quý khách đặt hạng phòng Cao cấp trở lên ạ."
TienIch_NhaHang,Nếu tôi đặt phòng Tiêu chuẩn thì có được ăn sáng miễn phí không?,"Dạ, hạng phòng Tiêu chuẩn chưa bao gồm buffet sáng. Nếu Quý khách có nhu cầu dùng bữa, phí buffet là 150.000 đồng một người ạ."
TienIch_NhaHang,Nhà hàng của khách sạn mở cửa vào khung giờ nào?,Nhà hàng của chúng tôi phục vụ buffet sáng từ 06:30 đến 10:00 sáng hàng ngày để Quý khách nạp năng lượng cho ngày mới ạ.
TienIch_NhaHang,Tôi muốn biết nhà hàng có phục vụ ăn trưa hay ăn tối không?,"Dạ, hiện tại nhà hàng của StarStay Hotel tập trung phục vụ buffet sáng từ 06:30 đến 10:00. Đối với các bữa ăn khác, lễ tân rất sẵn lòng gợi ý các nhà hàng hải sản ngon gần đó cho Quý khách ạ."
TienIch_NhaHang,Khách sạn có dịch vụ đặt bàn ăn trong phòng không?,Rất tiếc hiện tại chúng tôi chưa cung cấp dịch vụ ăn uống tại phòng. Quý khách có thể trải nghiệm không gian buffet sáng tại nhà hàng hoặc liên hệ lễ tân 0236 999 8888 để được hỗ trợ thông tin các quán ăn địa phương ạ.
TienIch_NhaHang,Tôi có thể mang đồ ăn bên ngoài vào nhà hàng dùng bữa sáng được không?,"Dạ, để đảm bảo chất lượng phục vụ và vệ sinh an toàn thực phẩm, Quý khách vui lòng không mang đồ ăn bên ngoài vào khu vực nhà hàng ạ. Rất mong Quý khách thông cảm."
TienIch_NhaHang,Nhà hàng có các món ăn đặc sản Đà Nẵng không?,"Thực đơn buffet sáng của chúng tôi luôn thay đổi với nhiều món ăn đa dạng, bao gồm cả các món đặc sản địa phương để Quý khách thưởng thức hương vị Đà Nẵng ngay tại khách sạn ạ."
TienIch_NhaHang,"Tôi có con nhỏ, khách sạn có ghế ăn dặm cho bé tại nhà hàng không?","Dạ có, nhà hàng của StarStay Hotel luôn chuẩn bị sẵn ghế ăn dặm cho trẻ em. Quý khách có thể nhờ nhân viên nhà hàng hỗ trợ chuẩn bị ngay khi đến nơi ạ."
TienIch_NhaHang,"Nếu tôi có yêu cầu đặc biệt về chế độ ăn uống, tôi nên báo với ai?",Quý khách vui lòng thông báo với lễ tân hoặc nhân viên nhà hàng về yêu cầu ăn uống đặc biệt (như dị ứng hoặc ăn chay) để chúng tôi có sự chuẩn bị chu đáo nhất ạ.
TienIch_AnNinh,Khách sạn StarStay có đảm bảo an ninh cho khách lưu trú không?,"Dạ, StarStay Hotel luôn đặt sự an toàn của Quý khách lên hàng đầu. Khách sạn được trang bị hệ thống camera giám sát hoạt động 24/7 tại các hành lang và khu vực công cộng, cùng với đội ngũ lễ tân trực xuyên suốt để hỗ trợ Quý khách bất cứ lúc nào ạ."
TienIch_AnNinh,Tôi muốn cất giữ tư trang cá nhân có giá trị thì phải làm sao?,"Dạ, để đảm bảo an toàn cho tài sản cá nhân, trong mỗi phòng nghỉ tại StarStay đều được trang bị sẵn két sắt bảo mật. Quý khách có thể cất giữ tiền mặt, hộ chiếu hoặc các vật dụng nhỏ có giá trị bên trong két sắt tại phòng ạ."
TienIch_AnNinh,Khách sạn có nhân viên bảo vệ trực vào ban đêm không?,Dạ có ạ. Khách sạn chúng tôi có đội ngũ nhân viên lễ tân và an ninh túc trực 24/7 để đảm bảo sự yên tĩnh và an toàn tuyệt đối cho giấc ngủ của Quý khách.
TienIch_AnNinh,Tôi có thể liên hệ với ai nếu gặp sự cố về an ninh trong phòng?,"Nếu cần hỗ trợ khẩn cấp, Quý khách vui lòng liên hệ ngay với lễ tân qua số hotline 0236 999 8888 hoặc bấm số máy nội bộ trên điện thoại trong phòng. Chúng tôi sẽ có mặt ngay lập tức để hỗ trợ Quý khách ạ."
TienIch_AnNinh,Hệ thống an ninh của khách sạn có bao phủ khu vực hành lang không?,"Dạ, hệ thống camera giám sát của chúng tôi được lắp đặt bao phủ toàn bộ các khu vực hành lang, sảnh đón và lối vào khách sạn để đảm bảo an ninh tối đa cho Quý khách ạ."
TienIch_AnNinh,Khách sạn có quy định gì về việc hút thuốc để đảm bảo an toàn cháy nổ không?,"Dạ, để đảm bảo an toàn và không gian trong lành, StarStay Hotel có quy định nghiêm ngặt về việc không hút thuốc trong phòng. Nếu Quý khách vi phạm, khách sạn sẽ áp dụng mức phí vệ sinh và xử lý là 2.000.000 đồng ạ."
TienIch_AnNinh,Lễ tân khách sạn có làm việc vào đêm muộn không?,"Dạ, lễ tân của StarStay Hotel làm việc 24/7 để phục vụ Quý khách. Dù Quý khách về muộn hay cần hỗ trợ vào bất cứ thời điểm nào trong đêm, chúng tôi vẫn luôn sẵn sàng hỗ trợ ạ."
TienIch_AnNinh,Khách sạn có trang bị thiết bị phòng cháy chữa cháy trong phòng không?,"Dạ, toàn bộ hệ thống phòng nghỉ tại StarStay đều được trang bị đầy đủ các thiết bị cảnh báo và phòng cháy chữa cháy theo tiêu chuẩn khách sạn 4 sao để đảm bảo an toàn cho Quý khách ạ."
TienIch_AnNinh,Tôi muốn biết khách sạn có kiểm soát người lạ ra vào khu vực phòng nghỉ không?,"Dạ, để đảm bảo an ninh, chúng tôi quản lý chặt chẽ việc ra vào các tầng phòng nghỉ thông qua hệ thống thẻ từ thang máy và sự giám sát của nhân viên lễ tân. Quý khách vui lòng thông báo với lễ tân nếu có khách ghé thăm ạ."
TienIch_AnNinh,Nếu tôi để quên đồ đạc ở khu vực công cộng thì khách sạn có hỗ trợ tìm lại không?,"Dạ, với hệ thống camera giám sát và đội ngũ nhân viên chuyên nghiệp, chúng tôi sẽ hỗ trợ Quý khách kiểm tra và tìm lại tài sản thất lạc ngay khi nhận được thông tin. Quý khách vui lòng liên hệ lễ tân qua số 0236 999 8888 để được hỗ trợ nhanh nhất ạ."
DichVu_DuaDonSanBay,Khách sạn StarStay có dịch vụ xe đưa đón sân bay không?,Dạ có ạ. StarStay Hotel cung cấp dịch vụ đưa đón sân bay chuyên nghiệp để phục vụ Quý khách.
DichVu_DuaDonSanBay,Giá dịch vụ xe đưa đón sân bay là bao nhiêu?,"Dạ, phí đưa đón sân bay là 500.000 đồng/lượt đối với xe 4 chỗ và 800.000 đồng/lượt đối với xe 7 chỗ ạ."
DichVu_DuaDonSanBay,Tôi muốn đặt xe đón tại sân bay thì cần liên hệ qua đâu?,Quý khách vui lòng liên hệ hotline 0236 999 8888 hoặc gửi email đến info@starstay.vn để đặt xe trước khi đến ạ.
DichVu_DuaDonSanBay,Tôi đi cùng gia đình 5 người thì nên đặt loại xe nào từ sân bay về khách sạn?,"Với nhóm 5 người, Quý khách nên đặt xe 7 chỗ để đảm bảo không gian thoải mái nhất. Mức phí là 800.000 đồng/lượt ạ."
DichVu_DuaDonSanBay,Dịch vụ đưa đón sân bay của khách sạn có hoạt động 24/7 không?,"Dạ có ạ, đội ngũ lễ tân của chúng tôi luôn túc trực 24/7 để hỗ trợ Quý khách đặt xe đưa đón sân bay bất cứ lúc nào."
DichVu_DuaDonSanBay,Tôi có thể thanh toán phí đưa đón sân bay cùng lúc với tiền phòng không?,"Dạ có, Quý khách hoàn toàn có thể thanh toán phí dịch vụ đưa đón cùng với hóa đơn phòng khi làm thủ tục check-out hoặc thanh toán trực tiếp cho lễ tân ạ."
DichVu_DuaDonSanBay,"Nếu chuyến bay của tôi bị hoãn hoặc đến muộn, khách sạn có đợi tôi ở sân bay không?",Quý khách vui lòng thông báo sớm cho khách sạn qua hotline 0236 999 8888 để chúng tôi điều chỉnh lịch trình đón phù hợp và hỗ trợ Quý khách tốt nhất ạ.
DichVu_DuaDonSanBay,Tôi cần cung cấp thông tin gì để đặt xe đưa đón sân bay?,"Để đặt xe, Quý khách vui lòng cung cấp thông tin về mã chuyến bay, thời gian hạ cánh và số lượng người đi cùng ạ."
DichVu_DuaDonSanBay,Khoảng cách từ sân bay Đà Nẵng đến khách sạn là bao xa và mất bao lâu di chuyển?,Sân bay cách khách sạn khoảng 8km. Thời gian di chuyển bằng xe ô tô thường mất từ 15 đến 20 phút ạ.
DichVu_DuaDonSanBay,"Ngoài dịch vụ xe của khách sạn, tôi có thể tự đi bằng phương tiện nào từ sân bay về?","Từ sân bay, Quý khách có thể dễ dàng sử dụng dịch vụ Grab, Taxi Mai Linh hoặc Vinasun với chi phí dao động khoảng 120.000 - 150.000 đồng ạ."
DichVu_DuaDonSanBay,Khách sạn có dịch vụ tiễn khách ra sân bay khi tôi kết thúc kỳ nghỉ không?,"Dạ có ạ, chúng tôi hỗ trợ dịch vụ tiễn khách từ khách sạn ra sân bay với mức giá tương tự như đón sân bay. Quý khách vui lòng báo trước với lễ tân ạ."
DichVu_DuaDonSanBay,Tôi có thể đặt dịch vụ đưa đón ngay khi vừa tới sân bay được không?,"Để đảm bảo có xe phục vụ chu đáo nhất, Quý khách nên đặt trước ít nhất 1 ngày. Nếu cần hỗ trợ gấp, Quý khách vui lòng gọi ngay hotline 0236 999 8888 ạ."
DichVu_ThueXe,Khách sạn có cho thuê xe máy không?,"Dạ có, StarStay Hotel cung cấp dịch vụ cho thuê xe máy với mức giá 150.000đ/ngày để Quý khách thuận tiện tham quan Đà Nẵng ạ."
DichVu_ThueXe,"Tôi muốn thuê xe đạp để dạo phố, khách sạn có sẵn không?","Dạ có ạ, chúng tôi có sẵn dịch vụ cho thuê xe đạp với mức giá 50.000đ/ngày, rất phù hợp để Quý khách dạo quanh khu vực bãi biển Mỹ Khê gần khách sạn."
DichVu_ThueXe,Giá thuê xe máy tại StarStay Hotel được tính như thế nào?,"Dạ, dịch vụ cho thuê xe máy tại khách sạn có giá là 150.000đ/ngày. Quý khách có thể liên hệ trực tiếp tại quầy lễ tân để làm thủ tục thuê xe ạ."
DichVu_ThueXe,Khách sạn có hỗ trợ thuê xe ô tô đưa đón sân bay không?,"Dạ có, StarStay Hotel có dịch vụ đưa đón sân bay với giá 500.000đ/lượt cho xe 4 chỗ và 800.000đ/lượt cho xe 7 chỗ ạ."
DichVu_ThueXe,"Tôi muốn tự lái xe máy đi bán đảo Sơn Trà, khách sạn có cho thuê xe không?",Dạ hoàn toàn được ạ. Quý khách có thể thuê xe máy tại khách sạn với giá 150.000đ/ngày. Bán đảo Sơn Trà cách khách sạn khoảng 20 phút di chuyển bằng xe máy thôi ạ.
DichVu_ThueXe,"Khi thuê xe tại khách sạn, tôi có cần đặt cọc giấy tờ không?","Dạ, để thuận tiện cho việc thuê xe, Quý khách vui lòng liên hệ trực tiếp bộ phận lễ tân tại sảnh hoặc gọi hotline 0236 999 8888 để nhân viên hướng dẫn thủ tục chi tiết ạ."
DichVu_ThueXe,Nếu tôi muốn thuê xe máy đi Bà Nà Hills có được không?,"Dạ, Bà Nà Hills cách khách sạn khoảng 45km, vì vậy nếu Quý khách có tay lái vững thì có thể thuê xe máy đi ạ. Tuy nhiên, để đảm bảo an toàn và sức khỏe, chúng tôi gợi ý Quý khách nên cân nhắc đặt taxi hoặc xe dịch vụ ạ."
DichVu_ThueXe,Dịch vụ thuê xe tại StarStay Hotel có bao gồm xăng không?,"Dạ, giá thuê xe 150.000đ/ngày chưa bao gồm chi phí xăng dầu ạ. Quý khách vui lòng đổ thêm xăng trước khi sử dụng xe để đảm bảo hành trình thuận lợi nhé."
DichVu_ThueXe,"Ngoài xe máy và xe đạp, khách sạn có cung cấp dịch vụ taxi không?","Dạ, chúng tôi không trực tiếp cho thuê xe ô tô tự lái, nhưng lễ tân luôn sẵn sàng hỗ trợ gọi taxi uy tín như Mai Linh hoặc Vinasun cho Quý khách 24/7 ạ."
DichVu_ThueXe,Tôi có thể thuê xe máy theo giờ được không hay bắt buộc theo ngày?,"Dạ, chính sách cho thuê xe của khách sạn được tính theo đơn vị ngày. Nếu Quý khách có nhu cầu đặc biệt, vui lòng liên hệ lễ tân để được hỗ trợ kiểm tra tình trạng xe ạ."
DichVu_ThueXe,Khách sạn có dịch vụ xe đưa đón khách đi Hội An không?,"Dạ, khách sạn hỗ trợ gọi taxi hoặc xe dịch vụ cho Quý khách đi Hội An với chi phí khoảng 250.000đ - 300.000đ/lượt. Quý khách vui lòng liên hệ lễ tân để đặt xe trước ạ."
DichVu_ThueXe,Nếu xe máy thuê bị hỏng trên đường thì tôi phải làm sao?,"Dạ, nếu gặp bất kỳ sự cố nào về xe, Quý khách vui lòng gọi ngay hotline 0236 999 8888 để chúng tôi kịp thời hỗ trợ và xử lý cho Quý khách ạ."
ChinhSach_DatCoc,Tôi cần thanh toán bao nhiêu tiền để đặt phòng tại StarStay Hotel?,"Để giữ phòng chắc chắn, Quý khách cần đặt cọc 30% tổng giá trị đơn phòng hoặc thanh toán đầy đủ 100% trước khi nhận phòng ạ."
ChinhSach_DatCoc,Khách sạn có chấp nhận thanh toán toàn bộ tiền phòng trước không?,"Dạ có, Quý khách hoàn toàn có thể lựa chọn thanh toán đủ 100% tiền phòng ngay khi đặt để thuận tiện hơn trong quá trình lưu trú ạ."
ChinhSach_DatCoc,"Tôi muốn hủy đặt phòng, khách sạn có hoàn lại tiền cọc không?","Dạ, chính sách hủy phòng của chúng tôi như sau: hủy trước 7 ngày hoàn 100%, từ 3 đến 7 ngày hoàn 50%, và dưới 3 ngày sẽ không được hoàn cọc ạ."
ChinhSach_DatCoc,Nếu tôi báo hủy phòng trước 5 ngày so với ngày nhận phòng thì sao?,"Trong trường hợp Quý khách hủy phòng trước 5 ngày, khách sạn sẽ hoàn lại 50% số tiền cọc đã thanh toán ạ."
ChinhSach_DatCoc,Tôi đặt phòng vào ngày mai nhưng muốn hủy ngay bây giờ thì có được hoàn tiền không?,"Rất tiếc, vì thời gian thông báo hủy dưới 3 ngày so với ngày nhận phòng nên khách sạn không thể hoàn lại khoản tiền cọc của Quý khách ạ."
ChinhSach_DatCoc,StarStay Hotel hỗ trợ những phương thức thanh toán nào?,"Quý khách có thể thanh toán qua VNPay, Momo, chuyển khoản ngân hàng, sử dụng thẻ Visa/Master Card hoặc thanh toán bằng tiền mặt trực tiếp tại quầy lễ tân ạ."
ChinhSach_DatCoc,Tôi có thể thanh toán tiền cọc qua ứng dụng ngân hàng được không?,"Dạ được, Quý khách có thể thực hiện thanh toán tiền cọc qua chuyển khoản ngân hàng hoặc các ví điện tử như VNPay, Momo ạ."
ChinhSach_DatCoc,Làm thế nào để tôi biết mình đã đặt cọc thành công?,"Sau khi nhận được khoản thanh toán của Quý khách, bộ phận lễ tân sẽ gửi xác nhận đặt phòng qua email hoặc liên hệ trực tiếp đến số điện thoại của Quý khách ạ."
ChinhSach_DatCoc,Tôi quên chưa đặt cọc thì phòng có được giữ không?,"Dạ, để đảm bảo phòng luôn sẵn sàng cho Quý khách, chúng tôi chỉ xác nhận giữ phòng sau khi đã nhận được khoản tiền cọc 30% hoặc thanh toán đủ ạ."
ChinhSach_DatCoc,Tôi cần liên hệ ai nếu gặp vấn đề về việc thanh toán tiền cọc?,Quý khách vui lòng liên hệ hotline 0236 999 8888 hoạt động 24/7 để nhân viên lễ tân hỗ trợ xử lý vấn đề thanh toán ngay lập tức ạ.
ChinhSach_DatCoc,Việc hủy phòng được tính dựa trên thời gian nào?,Thời gian hủy phòng được tính dựa trên thời điểm Quý khách thông báo chính thức đến khách sạn so với ngày nhận phòng dự kiến ạ.
ChinhSach_DatCoc,Có thể dùng thẻ tín dụng để thanh toán tiền cọc tại khách sạn không?,"Dạ có, chúng tôi chấp nhận thanh toán bằng thẻ Visa hoặc Master Card tại quầy lễ tân để thuận tiện cho Quý khách ạ."
ChinhSach_DatCoc,Nếu tôi đặt phòng qua email thì gửi tiền cọc như thế nào?,"Khi đặt phòng qua email, lễ tân sẽ gửi kèm thông tin tài khoản ngân hàng hoặc mã thanh toán để Quý khách thực hiện giao dịch cọc 30% ạ."
ChinhSach_DatCoc,Tại sao tôi phải đặt cọc khi đặt phòng tại StarStay Hotel?,Việc đặt cọc nhằm đảm bảo quyền lợi và giữ phòng chắc chắn cho Quý khách trong suốt thời gian lưu trú tại khách sạn chúng tôi ạ.
ChinhSach_DatCoc,"Tôi muốn thay đổi ngày nhận phòng, chính sách cọc có thay đổi không?",Việc thay đổi ngày nhận phòng sẽ tùy thuộc vào tình trạng phòng trống. Quý khách vui lòng gọi 0236 999 8888 để nhân viên hỗ trợ điều chỉnh đơn đặt phòng ạ.
ChinhSach_HuyPhong,Chính sách hủy phòng của khách sạn StarStay như thế nào?,"Quý khách vui lòng lưu ý chính sách hủy phòng của chúng tôi: Hủy trước 7 ngày được hoàn 100% tiền cọc, hủy từ 3 đến 7 ngày hoàn 50%, và hủy dưới 3 ngày sẽ không được hoàn cọc ạ."
ChinhSach_HuyPhong,Tôi muốn hủy đặt phòng trước 10 ngày thì có được hoàn tiền không?,"Dạ có ạ, nếu Quý khách hủy phòng trước thời điểm nhận phòng 7 ngày, khách sạn sẽ hoàn trả 100% số tiền cọc đã thanh toán cho Quý khách."
ChinhSach_HuyPhong,Nếu tôi hủy phòng vào sát ngày nhận phòng thì sao?,"Trong trường hợp Quý khách hủy phòng trong vòng 3 ngày trước ngày nhận phòng, rất tiếc khách sạn sẽ không thể hoàn lại khoản tiền cọc đã đặt ạ."
ChinhSach_HuyPhong,Khách sạn có hoàn tiền nếu tôi hủy phòng trước 5 ngày không?,"Dạ có ạ, với thời gian hủy phòng từ 3 đến 7 ngày trước ngày nhận phòng, Quý khách sẽ được hoàn lại 50% tổng số tiền cọc."
ChinhSach_HuyPhong,"Tôi đã đặt cọc 30% tiền phòng, nếu hủy thì số tiền này được xử lý ra sao?","Số tiền cọc 30% sẽ được hoàn lại dựa trên thời điểm Quý khách thông báo hủy theo chính sách: hoàn 100% nếu trước 7 ngày, 50% nếu từ 3-7 ngày và không hoàn nếu dưới 3 ngày ạ."
ChinhSach_HuyPhong,Làm thế nào để tôi thực hiện hủy đơn đặt phòng tại StarStay Hotel?,"Để hủy phòng, Quý khách vui lòng liên hệ trực tiếp với chúng tôi qua số hotline 0236 999 8888 hoặc gửi email về info@starstay.vn để nhân viên hỗ trợ xử lý nhanh chóng ạ."
ChinhSach_HuyPhong,"Tôi đã thanh toán đủ 100% tiền phòng, nếu hủy thì khách sạn hoàn tiền như thế nào?",Số tiền hoàn lại sẽ được tính dựa trên tổng giá trị đơn hàng theo chính sách hủy phòng của khách sạn. Quý khách vui lòng liên hệ hotline 0236 999 8888 để được hướng dẫn chi tiết về thủ tục hoàn tiền ạ.
ChinhSach_HuyPhong,Khách sạn có thu phí phạt khi tôi thay đổi lịch trình sát ngày không?,"Dạ, nếu thay đổi hoặc hủy phòng dưới 3 ngày so với ngày nhận phòng, Quý khách sẽ mất khoản tiền cọc đã đặt theo quy định của khách sạn ạ."
ChinhSach_HuyPhong,Tôi muốn đổi ngày ở thay vì hủy phòng thì có được không?,"Quý khách hoàn toàn có thể thay đổi ngày lưu trú. Tuy nhiên, việc này phụ thuộc vào tình trạng phòng trống tại thời điểm đó, Quý khách vui lòng liên hệ 0236 999 8888 để chúng tôi hỗ trợ kiểm tra ạ."
ChinhSach_HuyPhong,Có trường hợp nào được miễn trừ phí hủy phòng không?,Các trường hợp bất khả kháng sẽ được khách sạn xem xét dựa trên tình hình thực tế. Quý khách vui lòng liên hệ trực tiếp bộ phận lễ tân qua hotline 0236 999 8888 để được tư vấn và hỗ trợ ạ.
DichVu_AnSangBuffet,Khách sạn StarStay có phục vụ bữa sáng không?,"Dạ có, StarStay Hotel phục vụ buffet sáng mỗi ngày tại nhà hàng để Quý khách bắt đầu một ngày mới tràn đầy năng lượng ạ."
DichVu_AnSangBuffet,Thời gian phục vụ bữa sáng buffet là từ mấy giờ đến mấy giờ?,"Buffet sáng của khách sạn được phục vụ từ 06:30 đến 10:00 hàng ngày, Quý khách vui lòng lưu ý thời gian này để sắp xếp lịch trình ạ."
DichVu_AnSangBuffet,Tôi đặt phòng loại Cao cấp thì có được miễn phí buffet sáng không?,"Dạ có, dịch vụ buffet sáng đã được bao gồm trong giá phòng khi Quý khách đặt hạng phòng Cao cấp trở lên tại khách sạn ạ."
DichVu_AnSangBuffet,Nếu tôi đặt phòng Tiêu chuẩn thì giá buffet sáng là bao nhiêu?,"Đối với hạng phòng Tiêu chuẩn, nếu Quý khách có nhu cầu dùng buffet sáng, chi phí là 150.000 đồng một người ạ."
DichVu_AnSangBuffet,Tôi có thể mua vé ăn sáng cho người thân không lưu trú tại khách sạn được không?,"Dạ, Quý khách vui lòng liên hệ trực tiếp tại quầy lễ tân hoặc gọi hotline 0236 999 8888 để nhân viên hỗ trợ kiểm tra tình trạng chỗ ngồi và đặt vé cho người thân ạ."
DichVu_AnSangBuffet,Buffet sáng tại StarStay Hotel có đa dạng món ăn không?,"Nhà hàng của chúng tôi phục vụ thực đơn buffet đa dạng, kết hợp giữa các món ăn sáng truyền thống và phong cách quốc tế để đáp ứng khẩu vị của mọi Quý khách ạ."
DichVu_AnSangBuffet,"Tôi có con nhỏ đi cùng, khách sạn có ưu đãi gì cho trẻ em khi ăn sáng không?","Dạ, chính sách về phí buffet cho trẻ em phụ thuộc vào độ tuổi và chiều cao, Quý khách vui lòng liên hệ lễ tân để được tư vấn cụ thể khi làm thủ tục nhận phòng ạ."
DichVu_AnSangBuffet,Nhà hàng phục vụ buffet sáng nằm ở tầng mấy?,"Nhà hàng phục vụ buffet sáng nằm trong khuôn viên khách sạn, nhân viên lễ tân sẽ hướng dẫn chi tiết vị trí cho Quý khách ngay khi nhận phòng ạ."
DichVu_AnSangBuffet,Tôi muốn dùng bữa sáng sớm hơn 6:30 sáng có được không?,"Dạ, khung giờ phục vụ buffet là từ 06:30 đến 10:00. Nếu Quý khách cần khởi hành sớm trước giờ này, vui lòng báo trước với lễ tân để chúng tôi hỗ trợ chuẩn bị suất ăn mang theo ạ."
DichVu_AnSangBuffet,Khách sạn có yêu cầu phiếu ăn sáng khi vào nhà hàng không?,"Dạ, khi đến nhà hàng, Quý khách chỉ cần cung cấp số phòng để nhân viên kiểm tra thông tin đặt phòng là có thể dùng bữa thoải mái ạ."
DichVu_AnSangBuffet,"Tôi bị dị ứng với một số loại thực phẩm, nhà hàng có hỗ trợ món ăn riêng không?","Dạ, Quý khách vui lòng thông báo trước với nhân viên lễ tân hoặc nhà hàng về yêu cầu ăn uống đặc biệt để chúng tôi chuẩn bị phục vụ chu đáo nhất ạ."
DichVu_AnSangBuffet,"Nếu tôi không ăn sáng tại khách sạn, tôi có được trừ chi phí này vào giá phòng không?","Dạ, dịch vụ buffet sáng là gói ưu đãi đi kèm hạng phòng Cao cấp trở lên. Nếu Quý khách không sử dụng, chúng tôi rất tiếc không thể hoàn lại phí này ạ."
DichVu_AnSangBuffet,Có cần đặt bàn trước khi xuống ăn sáng không?,"Dạ không cần ạ, Quý khách có thể thoải mái xuống nhà hàng dùng bữa trong khung giờ từ 06:30 đến 10:00 sáng ạ."
DichVu_AnSangBuffet,Tôi có thể mời khách đến ăn sáng cùng tại khách sạn StarStay được không?,"Dạ được ạ, Quý khách vui lòng thanh toán phí dịch vụ 150.000 đồng một người tại nhà hàng hoặc quầy lễ tân để mời khách dùng bữa cùng ạ."
DichVu_AnSangBuffet,Nhà hàng có phục vụ cà phê và các loại nước uống trong buffet sáng không?,"Dạ có, thực đơn buffet sáng của chúng tôi đã bao gồm các loại trà, cà phê, nước trái cây và nhiều thức uống khác để Quý khách lựa chọn ạ."
ChinhSach_ThanhToan,Tôi cần thanh toán bao nhiêu phần trăm khi đặt phòng tại StarStay Hotel?,"Dạ, để đảm bảo đặt phòng, Quý khách vui lòng đặt cọc trước 30% giá trị đơn hàng hoặc thanh toán đủ 100% tổng số tiền phòng ạ."
ChinhSach_ThanhToan,Khách sạn chấp nhận những phương thức thanh toán nào?,"StarStay Hotel hỗ trợ đa dạng phương thức thanh toán bao gồm: VNPay, ví điện tử Momo, thẻ Visa/Master Card, chuyển khoản ngân hàng hoặc thanh toán bằng tiền mặt trực tiếp tại quầy lễ tân ạ."
ChinhSach_ThanhToan,Nếu tôi hủy phòng trước 7 ngày so với ngày nhận phòng thì có được hoàn tiền không?,"Dạ có, nếu Quý khách hủy phòng trước hơn 7 ngày so với ngày nhận phòng, khách sạn sẽ hoàn trả 100% số tiền cọc cho Quý khách ạ."
ChinhSach_ThanhToan,Chính sách hoàn tiền của khách sạn như thế nào nếu tôi hủy phòng trong khoảng từ 3 đến 7 ngày trước khi đến?,"Trong trường hợp Quý khách hủy phòng từ 3 đến 7 ngày trước ngày nhận phòng, chúng tôi sẽ thực hiện hoàn trả 50% số tiền đã cọc ạ."
ChinhSach_ThanhToan,Tôi hủy phòng sát ngày nhận phòng thì có bị mất tiền cọc không?,"Dạ, nếu Quý khách hủy phòng trong vòng ít hơn 3 ngày trước ngày nhận phòng, khách sạn rất tiếc không thể hoàn lại số tiền cọc đã thanh toán ạ."
ChinhSach_ThanhToan,Tôi có thể thanh toán tiền phòng bằng thẻ tín dụng quốc tế tại quầy lễ tân không?,"Dạ được ạ, chúng tôi chấp nhận thanh toán qua các loại thẻ Visa và Master Card tại quầy lễ tân để thuận tiện nhất cho Quý khách."
ChinhSach_ThanhToan,Khách sạn có yêu cầu tôi phải thanh toán toàn bộ chi phí lưu trú ngay khi đặt phòng không?,Quý khách có thể lựa chọn đặt cọc 30% để giữ phòng hoặc thanh toán toàn bộ 100% ngay từ đầu tùy theo nhu cầu của mình ạ.
ChinhSach_ThanhToan,Làm thế nào để tôi thanh toán qua chuyển khoản ngân hàng?,"Dạ, Quý khách vui lòng liên hệ hotline 0236 999 8888 hoặc email info@starstay.vn để nhân viên hỗ trợ cung cấp thông tin tài khoản ngân hàng chính xác của khách sạn ạ."
ChinhSach_ThanhToan,Tôi có thể thanh toán các dịch vụ phát sinh như spa hay giặt ủi bằng cách nào?,Quý khách có thể thanh toán trực tiếp tại các khu vực dịch vụ hoặc cộng dồn vào hóa đơn phòng để thanh toán một lần khi làm thủ tục check-out ạ.
ChinhSach_ThanhToan,Tôi muốn thanh toán qua ví điện tử Momo cho đơn phòng của mình có được không?,"Dạ hoàn toàn được ạ, StarStay Hotel có hỗ trợ thanh toán qua ví điện tử Momo, Quý khách vui lòng liên hệ lễ tân để được hướng dẫn quét mã thanh toán ạ."
ChinhSach_ThanhToan,Liệu tôi có nhận được hóa đơn VAT sau khi hoàn tất thanh toán không?,"Dạ có, Quý khách vui lòng cung cấp thông tin xuất hóa đơn cho nhân viên lễ tân khi làm thủ tục check-out để chúng tôi hỗ trợ xuất hóa đơn VAT theo yêu cầu ạ."
ChinhSach_ThanhToan,Nếu tôi thanh toán qua VNPay thì cần chuẩn bị gì?,"Dạ, Quý khách chỉ cần chuẩn bị ứng dụng ngân hàng hoặc ví điện tử có hỗ trợ VNPay trên điện thoại, nhân viên của chúng tôi sẽ cung cấp mã QR để Quý khách thực hiện giao dịch nhanh chóng ạ."
ChinhSach_ThanhToan,Tôi muốn biết trạng thái thanh toán của đơn đặt phòng đã thành công chưa thì xem ở đâu?,Quý khách có thể kiểm tra trạng thái thanh toán qua email xác nhận đặt phòng hoặc liên hệ trực tiếp với chúng tôi qua hotline 0236 999 8888 để được hỗ trợ kiểm tra tức thì ạ.
ChinhSach_ThanhToan,Khách sạn có áp dụng phụ phí nếu tôi thanh toán bằng thẻ tín dụng không?,"Dạ không ạ, khách sạn không thu thêm bất kỳ phụ phí nào khi Quý khách thanh toán bằng các loại thẻ Visa hoặc Master Card ạ."
ChinhSach_ThanhToan,Tôi có thể thay đổi phương thức thanh toán sau khi đã đặt cọc không?,"Dạ được ạ, Quý khách vui lòng liên hệ hotline 0236 999 8888 để bộ phận lễ tân hỗ trợ điều chỉnh phương thức thanh toán cho Quý khách trước ngày nhận phòng ạ."
ChinhSach_XuatHoaDon,Khách sạn có hỗ trợ xuất hóa đơn giá trị gia tăng cho khách hàng không?,"Dạ có, StarStay Hotel sẵn sàng hỗ trợ xuất hóa đơn giá trị gia tăng (VAT) cho Quý khách sau khi hoàn tất thanh toán dịch vụ tại khách sạn ạ."
ChinhSach_XuatHoaDon,Tôi cần cung cấp những thông tin gì để khách sạn xuất hóa đơn?,"Để xuất hóa đơn chính xác, Quý khách vui lòng cung cấp thông tin bao gồm: Tên công ty, địa chỉ, mã số thuế và địa chỉ email nhận hóa đơn điện tử cho bộ phận Lễ tân khi làm thủ tục check-out ạ."
ChinhSach_XuatHoaDon,Sau khi rời khỏi khách sạn tôi mới cần hóa đơn thì phải làm sao?,"Dạ, Quý khách vui lòng gửi thông tin xuất hóa đơn kèm theo mã đặt phòng vào email info@starstay.vn để chúng tôi hỗ trợ xử lý và gửi hóa đơn điện tử lại cho Quý khách ạ."
ChinhSach_XuatHoaDon,Khách sạn xuất hóa đơn giấy hay hóa đơn điện tử?,"Hiện tại, StarStay Hotel sử dụng hóa đơn điện tử theo quy định hiện hành để đảm bảo tính tiện lợi và bảo mật thông tin cho Quý khách ạ."
ChinhSach_XuatHoaDon,Nếu tôi đặt phòng qua các trang web trung gian thì tôi lấy hóa đơn ở đâu?,"Đối với các đơn đặt phòng qua đại lý hoặc trang web trung gian, Quý khách vui lòng liên hệ trực tiếp với đơn vị đặt phòng đó để được xuất hóa đơn theo quy định của họ ạ."
ChinhSach_XuatHoaDon,Chi phí dịch vụ ăn uống và spa có được gộp chung vào hóa đơn tiền phòng không?,"Dạ được ạ, tất cả các dịch vụ phát sinh trong quá trình lưu trú tại StarStay Hotel đều có thể được gộp chung vào hóa đơn thanh toán cuối cùng của Quý khách ạ."
ChinhSach_XuatHoaDon,Tôi có thể nhận hóa đơn ngay khi làm thủ tục trả phòng không?,"Thông thường, hóa đơn điện tử sẽ được gửi đến email của Quý khách trong vòng 24 giờ sau khi hoàn tất thanh toán. Nếu Quý khách cần gấp, vui lòng thông báo cho nhân viên Lễ tân tại thời điểm check-out ạ."
ChinhSach_XuatHoaDon,Khách sạn có tính thêm phí khi yêu cầu xuất hóa đơn không?,"Dạ không ạ, việc xuất hóa đơn là dịch vụ miễn phí mà StarStay Hotel cung cấp cho Quý khách theo đúng quy định pháp luật."
ChinhSach_XuatHoaDon,Tôi cần điều chỉnh thông tin trên hóa đơn sau khi đã nhận được thì phải liên hệ ai?,"Nếu cần điều chỉnh thông tin trên hóa đơn đã xuất, Quý khách vui lòng liên hệ hotline 0236 999 8888 hoặc gửi email về info@starstay.vn để bộ phận kế toán hỗ trợ xử lý kịp thời ạ."
ChinhSach_XuatHoaDon,Hóa đơn giá trị gia tăng tại StarStay Hotel đã bao gồm các loại thuế phí nào?,Hóa đơn giá trị gia tăng của chúng tôi bao gồm tiền phòng và các loại phí dịch vụ phát sinh khác theo đúng giá trị thanh toán thực tế của Quý khách ạ.
ChinhSach_DoiNgay,Tôi muốn đổi ngày nhận phòng tại khách sạn StarStay Hotel thì phải làm thế nào?,"Dạ, để đổi ngày nhận phòng, Quý khách vui lòng liên hệ trực tiếp với bộ phận lễ tân qua hotline 0236 999 8888 hoặc gửi email về info@starstay.vn để được hỗ trợ kiểm tra tình trạng phòng trống ạ."
ChinhSach_DoiNgay,Việc đổi ngày lưu trú có phát sinh thêm chi phí nào không?,Phí đổi ngày sẽ phụ thuộc vào thời điểm Quý khách thông báo và sự chênh lệch giá phòng tại thời điểm mới. Quý khách vui lòng liên hệ hotline 0236 999 8888 để nhân viên tư vấn chi tiết cho trường hợp của mình ạ.
ChinhSach_DoiNgay,"Nếu tôi muốn dời lịch nhận phòng sang một ngày khác, tôi cần thông báo trước bao lâu?","Để đảm bảo quyền lợi và hỗ trợ tốt nhất, Quý khách nên thông báo đổi lịch ít nhất 7 ngày trước ngày nhận phòng dự kiến ban đầu. Quý khách vui lòng gọi 0236 999 8888 để chúng tôi xử lý nhanh chóng ạ."
ChinhSach_DoiNgay,"Tôi đã đặt phòng và cọc tiền, bây giờ muốn đổi sang ngày khác có được không?","Dạ được ạ, Quý khách hoàn toàn có thể đổi ngày. Tuy nhiên, việc đổi ngày sẽ tùy thuộc vào tình trạng phòng trống của khách sạn tại thời điểm Quý khách yêu cầu. Xin hãy liên hệ 0236 999 8888 để được hỗ trợ ạ."
ChinhSach_DoiNgay,Khách sạn có hỗ trợ chuyển ngày đặt phòng cho tôi nếu tôi đột xuất có việc bận không?,StarStay Hotel luôn sẵn lòng hỗ trợ Quý khách trong khả năng cho phép. Quý khách vui lòng liên hệ sớm với chúng tôi qua số 0236 999 8888 để nhân viên kiểm tra lịch trống và hỗ trợ thay đổi ngày lưu trú ạ.
ChinhSach_DoiNgay,Tôi muốn đổi ngày lưu trú nhưng giá phòng ngày mới cao hơn ngày cũ thì tôi có phải đóng thêm tiền không?,"Dạ có ạ. Trong trường hợp giá phòng tại ngày mới cao hơn giá phòng cũ, Quý khách vui lòng thanh toán phần chênh lệch cho khách sạn khi thực hiện thủ tục đổi ngày ạ."
ChinhSach_DoiNgay,"Nếu tôi đổi ngày nhận phòng sang ngày mà giá phòng thấp hơn, khách sạn có hoàn lại tiền chênh lệch không?","Dạ, chúng tôi sẽ xem xét dựa trên chính sách đặt phòng cụ thể của Quý khách. Quý khách vui lòng liên hệ hotline 0236 999 8888 để nhân viên kiểm tra đơn hàng và giải quyết quyền lợi cho Quý khách ạ."
ChinhSach_DoiNgay,Tôi có thể tự đổi ngày trên website của khách sạn không hay phải gọi điện?,"Để đảm bảo tính chính xác và được hỗ trợ kịp thời, Quý khách vui lòng liên hệ trực tiếp qua hotline 0236 999 8888 hoặc gửi email đến info@starstay.vn để nhân viên thực hiện thao tác đổi ngày trên hệ thống ạ."
ChinhSach_DoiNgay,Liệu tôi có thể đổi ngày nhận phòng sát giờ quá không?,Việc đổi ngày sát giờ nhận phòng sẽ khó khăn hơn do tình trạng phòng có thể đã hết. Quý khách vui lòng liên hệ ngay hotline 0236 999 8888 để chúng tôi kiểm tra tình trạng phòng thực tế và hỗ trợ tốt nhất có thể ạ.
ChinhSach_DoiNgay,"Nếu tôi đã đặt phòng không hoàn hủy, tôi có được phép đổi ngày không?","Đối với các loại phòng có chính sách đặc biệt, Quý khách vui lòng liên hệ hotline 0236 999 8888. Chúng tôi sẽ cố gắng hỗ trợ Quý khách chuyển đổi sang ngày lưu trú khác tùy theo điều kiện thực tế tại khách sạn ạ."
ChinhSach_HoanTien,Nếu tôi hủy phòng tại StarStay Hotel thì chính sách hoàn tiền được tính như thế nào?,"Dạ, chính sách hoàn tiền của khách sạn như sau: Nếu Quý khách hủy trước 7 ngày, Quý khách được hoàn 100% tiền cọc. Nếu hủy từ 3 đến 7 ngày trước ngày nhận phòng, Quý khách được hoàn 50%. Nếu hủy dưới 3 ngày, khách sạn rất tiếc không thể hoàn lại tiền cọc ạ."
ChinhSach_HoanTien,"Tôi đã đặt cọc phòng nhưng muốn hủy, tôi có lấy lại được toàn bộ số tiền không?","Dạ, việc hoàn tiền 100% chỉ áp dụng khi Quý khách thông báo hủy trước ngày nhận phòng ít nhất 7 ngày. Sau khoảng thời gian này, chính sách hoàn tiền sẽ thay đổi theo quy định đã công bố ạ."
ChinhSach_HoanTien,"Điều gì xảy ra với số tiền cọc nếu tôi hủy phòng sát ngày nhận phòng, cụ thể là trước 2 ngày?","Dạ, theo chính sách của StarStay Hotel, nếu Quý khách hủy phòng dưới 3 ngày so với ngày nhận phòng, khách sạn sẽ không hoàn lại tiền cọc ạ."
ChinhSach_HoanTien,Tôi cần báo hủy phòng trước bao lâu để được nhận lại 50% tiền cọc?,"Dạ, để được nhận lại 50% tiền cọc, Quý khách vui lòng thông báo hủy đơn đặt phòng trong khoảng thời gian từ 3 đến 7 ngày trước ngày nhận phòng ạ."
ChinhSach_HoanTien,Làm thế nào để tôi được hoàn lại 100% tiền đặt phòng tại StarStay Hotel?,"Dạ, Quý khách sẽ được hoàn lại 100% tiền đặt phòng nếu thực hiện hủy đơn trước thời điểm nhận phòng ít nhất 7 ngày ạ."
ChinhSach_HoanTien,Khách sạn có quy định hoàn tiền khi tôi muốn trả phòng sớm hơn dự kiến không?,"Dạ, chính sách hoàn tiền của chúng tôi áp dụng cho việc hủy đơn đặt phòng trước thời hạn nhận phòng. Đối với trường hợp trả phòng sớm hơn dự kiến khi đang lưu trú, Quý khách vui lòng liên hệ hotline 0236 999 8888 để được bộ phận lễ tân hỗ trợ kiểm tra ạ."
ChinhSach_HoanTien,Số tiền cọc 30% tôi đã đóng sẽ được xử lý ra sao nếu tôi thay đổi lịch trình?,"Dạ, số tiền cọc 30% của Quý khách sẽ tuân thủ theo chính sách hủy: hoàn 100% nếu hủy trước 7 ngày, 50% nếu hủy từ 3-7 ngày và không hoàn nếu hủy dưới 3 ngày ạ."
ChinhSach_HoanTien,"Tôi muốn hủy phòng để nhận lại tiền, tôi nên liên hệ qua đâu?","Dạ, để được hỗ trợ hủy phòng và giải quyết thủ tục hoàn tiền, Quý khách vui lòng liên hệ trực tiếp với chúng tôi qua số hotline 24/7 là 0236 999 8888 hoặc gửi email về info@starstay.vn ạ."
ChinhSach_HoanTien,Tại sao tôi không được hoàn lại tiền cọc khi hủy phòng vào ngày nhận phòng?,"Dạ, vì quy định hủy phòng dưới 3 ngày được tính là hủy sát giờ, khách sạn không thể hoàn lại tiền cọc trong trường hợp này. Rất mong Quý khách thông cảm vì sự bất tiện này ạ."
ChinhSach_HoanTien,Số tiền hoàn lại sẽ được chuyển khoản vào tài khoản cá nhân của tôi hay thế nào?,"Dạ, sau khi xác nhận hủy phòng thành công theo chính sách, bộ phận kế toán của StarStay Hotel sẽ tiến hành hoàn tiền vào tài khoản mà Quý khách đã sử dụng để thanh toán hoặc theo thông tin Quý khách cung cấp ạ."
DichVu_GiatUi,Khách sạn có cung cấp dịch vụ giặt ủi cho khách lưu trú không?,"Dạ có, StarStay Hotel cung cấp dịch vụ giặt ủi phục vụ Quý khách trong suốt thời gian lưu trú ạ."
DichVu_GiatUi,Chi phí cho mỗi món đồ khi sử dụng dịch vụ giặt ủi tại StarStay Hotel là bao nhiêu?,"Dạ, chi phí dịch vụ giặt ủi là 30.000 đồng cho mỗi món đồ ạ."
DichVu_GiatUi,Tôi muốn giặt quần áo gấp trong vòng một tiếng có được không?,"Dạ được ạ, chúng tôi có dịch vụ giặt nhanh trong vòng 1 giờ với mức phí phụ thu là 50% trên tổng phí giặt ủi thông thường ạ."
DichVu_GiatUi,Làm thế nào để tôi có thể gửi đồ đi giặt ủi?,Quý khách vui lòng liên hệ với lễ tân qua số hotline 0236 999 8888 hoặc nhấn nút gọi lễ tân trong phòng để nhân viên hỗ trợ lấy đồ giặt tận nơi ạ.
DichVu_GiatUi,Dịch vụ giặt ủi của khách sạn có nhận giặt các loại đồ đặc biệt như vest hay lụa không?,"Dạ, Quý khách vui lòng liên hệ trực tiếp lễ tân qua số 0236 999 8888 để nhân viên kiểm tra chất liệu và tư vấn quy trình giặt ủi phù hợp nhất cho món đồ của Quý khách ạ."
DichVu_GiatUi,Nếu tôi gửi đồ giặt vào buổi tối thì sáng hôm sau có nhận được không?,"Dạ có, dịch vụ giặt ủi của khách sạn luôn sẵn sàng hỗ trợ. Quý khách vui lòng báo với lễ tân để chúng tôi sắp xếp thời gian hoàn thành sớm nhất cho Quý khách ạ."
DichVu_GiatUi,Khách sạn có cung cấp dịch vụ tự giặt đồ cho khách không?,"Dạ hiện tại StarStay Hotel chỉ cung cấp dịch vụ giặt ủi do nhân viên khách sạn thực hiện, chúng tôi chưa có khu vực tự giặt đồ ạ."
DichVu_GiatUi,Tôi có thể thanh toán phí giặt ủi cùng lúc với tiền phòng khi trả phòng không?,"Dạ được ạ, toàn bộ các chi phí dịch vụ phát sinh như giặt ủi sẽ được ghi nhận vào hóa đơn phòng và Quý khách có thể thanh toán khi làm thủ tục trả phòng ạ."
DichVu_GiatUi,Tôi có cần phải tự phân loại quần áo trước khi gửi cho nhân viên giặt ủi không?,"Quý khách không bắt buộc phải tự phân loại, tuy nhiên nếu có những món đồ cần lưu ý đặc biệt về nhiệt độ hay chất liệu, Quý khách vui lòng ghi chú lại giúp chúng tôi để nhân viên phục vụ tốt nhất ạ."
DichVu_GiatUi,Dịch vụ giặt ủi có hoạt động vào cuối tuần hoặc ngày lễ không?,"Dạ có, dịch vụ giặt ủi của chúng tôi hoạt động 24/7 để luôn sẵn sàng phục vụ nhu cầu của Quý khách ạ."
GiaPhong_CacLoai,Khách sạn StarStay có những hạng phòng nào và giá cả ra sao?,"Tại StarStay Hotel, chúng tôi cung cấp 4 loại phòng: Tiêu chuẩn (800.000đ/đêm), Cao cấp (1.500.000đ/đêm), Suite (2.500.000đ/đêm) và phòng Gia đình (3.500.000đ/đêm). Quý khách vui lòng liên hệ hotline 0236 999 8888 để được tư vấn chi tiết hơn ạ."
GiaPhong_CacLoai,Tôi muốn biết chi tiết về phòng Tiêu chuẩn tại StarStay Hotel?,"Phòng Tiêu chuẩn có diện tích 25m², được trang bị một giường đôi, phù hợp cho 2 người lớn và 1 trẻ em với giá 800.000đ/đêm ạ."
GiaPhong_CacLoai,Phòng Cao cấp có gì khác biệt so với phòng Tiêu chuẩn?,"Phòng Cao cấp có diện tích rộng hơn là 35m², sở hữu giường King sang trọng và tầm nhìn hướng biển tuyệt đẹp. Giá phòng là 1.500.000đ/đêm và đã bao gồm suất buffet sáng cho khách lưu trú ạ."
GiaPhong_CacLoai,Gia đình tôi có 3 người lớn và 2 trẻ em thì nên đặt hạng phòng nào?,"Với số lượng thành viên như trên, Quý khách nên chọn hạng phòng Suite có diện tích 55m² với không gian phòng khách riêng biệt để đảm bảo sự thoải mái nhất, giá phòng là 2.500.000đ/đêm ạ."
GiaPhong_CacLoai,Khách sạn có loại phòng nào dành cho nhóm 4 người lớn không?,"Dạ có, hạng phòng Gia đình của chúng tôi có diện tích 75m² bao gồm 2 phòng ngủ riêng biệt, rất phù hợp cho nhóm 4 người lớn và 2 trẻ em với giá 3.500.000đ/đêm ạ."
GiaPhong_CacLoai,Giá phòng tại StarStay đã bao gồm ăn sáng chưa?,"Dịch vụ buffet sáng đã được bao gồm nếu Quý khách đặt hạng phòng Cao cấp trở lên ạ. Đối với hạng phòng Tiêu chuẩn, Quý khách có thể mua thêm buffet với giá 150.000đ/người ạ."
GiaPhong_CacLoai,Sức chứa tối đa của mỗi loại phòng tại StarStay Hotel là bao nhiêu?,"Phòng Tiêu chuẩn chứa tối đa 2 người lớn + 1 trẻ em, Cao cấp là 2 người lớn + 2 trẻ em, Suite là 3 người lớn + 2 trẻ em và phòng Gia đình là 4 người lớn + 2 trẻ em ạ."
GiaPhong_CacLoai,Tôi muốn đặt phòng có view biển thì cần chọn loại phòng nào?,Quý khách vui lòng chọn từ hạng phòng Cao cấp trở lên để có thể tận hưởng không gian và tầm nhìn hướng biển tại StarStay Hotel ạ.
GiaPhong_CacLoai,Diện tích các loại phòng tại khách sạn là bao nhiêu?,"Các loại phòng của chúng tôi có diện tích lần lượt là: Tiêu chuẩn 25m², Cao cấp 35m², Suite 55m² và phòng Gia đình 75m² ạ."
GiaPhong_CacLoai,Phòng Suite có gì đặc biệt so với phòng Gia đình?,"Phòng Suite rộng 55m² có ưu điểm là phòng khách riêng biệt tạo không gian tiếp khách sang trọng, trong khi phòng Gia đình rộng 75m² tập trung vào sự riêng tư với 2 phòng ngủ tách biệt ạ."
GiaPhong_KhuyenMai,Giá phòng tại StarStay Hotel bao nhiêu một đêm?,"Tại StarStay Hotel, chúng tôi có 4 hạng phòng với mức giá như sau: Tiêu chuẩn 800.000đ/đêm, Cao cấp 1.500.000đ/đêm, Suite 2.500.000đ/đêm và Gia đình 3.500.000đ/đêm. Rất hân hạnh được đón tiếp Quý khách ạ."
GiaPhong_KhuyenMai,Khách sạn có đang áp dụng chương trình khuyến mãi nào không?,"Dạ, hiện tại chúng tôi luôn tối ưu giá tốt nhất cho các hạng phòng. Đối với hạng phòng Cao cấp trở lên, Quý khách đã được bao gồm dịch vụ buffet sáng miễn phí. Quý khách vui lòng liên hệ hotline 0236 999 8888 để được tư vấn các ưu đãi mới nhất tại thời điểm đặt phòng ạ."
GiaPhong_KhuyenMai,Giá phòng 800.000đ của hạng Tiêu chuẩn đã bao gồm ăn sáng chưa?,"Dạ, giá phòng Tiêu chuẩn là 800.000đ/đêm chưa bao gồm buffet sáng. Nếu Quý khách có nhu cầu dùng bữa sáng, phí dịch vụ là 150.000đ/người ạ."
GiaPhong_KhuyenMai,Tôi đặt phòng Cao cấp thì có được miễn phí buffet sáng không?,"Dạ vâng, khi Quý khách đặt phòng hạng Cao cấp trở lên, dịch vụ buffet sáng đã được bao gồm trong giá phòng rồi ạ."
GiaPhong_KhuyenMai,Số lượng người tối đa cho phòng Gia đình là bao nhiêu?,"Phòng Gia đình của chúng tôi có diện tích 75m² với 2 phòng ngủ, tiêu chuẩn phục vụ cho 4 người lớn và 2 trẻ em ạ."
GiaPhong_KhuyenMai,Tôi muốn biết giá thuê phòng Suite cho 3 người lớn và 2 trẻ em?,"Giá phòng Suite của khách sạn là 2.500.000đ/đêm, phù hợp với tiêu chuẩn 3 người lớn và 2 trẻ em đi kèm. Phòng có không gian phòng khách riêng biệt rất thoải mái ạ."
GiaPhong_KhuyenMai,Khách sạn có chính sách giảm giá cho khách đoàn không?,"Dạ, tùy vào số lượng phòng và thời điểm lưu trú, chúng tôi sẽ có chính sách giá ưu đãi riêng cho đoàn. Quý khách vui lòng gửi email về info@starstay.vn hoặc gọi hotline 0236 999 8888 để bộ phận kinh doanh hỗ trợ báo giá tốt nhất ạ."
GiaPhong_KhuyenMai,Giá phòng có thay đổi vào cuối tuần hoặc ngày lễ không?,"Thông thường giá phòng tại StarStay Hotel được niêm yết cố định, tuy nhiên trong các dịp lễ lớn, chúng tôi có thể áp dụng mức phụ thu hoặc chương trình giá riêng. Quý khách vui lòng liên hệ trực tiếp lễ tân để cập nhật thông tin chính xác nhất cho lịch trình của mình ạ."
GiaPhong_KhuyenMai,Tôi có thể thanh toán bằng những phương thức nào?,"Khách sạn hỗ trợ đa dạng hình thức thanh toán gồm: VNPay, Momo, chuyển khoản, tiền mặt hoặc qua thẻ Visa/Master Card. Quý khách có thể lựa chọn phương thức tiện lợi nhất cho mình ạ."
GiaPhong_KhuyenMai,Khi đặt phòng tôi có cần phải đặt cọc trước không?,"Dạ có, để đảm bảo giữ phòng, Quý khách vui lòng đặt cọc 30% giá trị đơn đặt phòng hoặc thanh toán đủ 100% trước khi nhận phòng ạ."
GiaPhong_KhuyenMai,Nếu tôi hủy phòng trước 5 ngày thì có được hoàn tiền không?,"Theo chính sách của khách sạn, nếu Quý khách hủy phòng từ 3 đến 7 ngày trước ngày nhận phòng, Quý khách sẽ được hoàn lại 50% tiền cọc ạ."
GiaPhong_KhuyenMai,Tôi muốn biết chi phí nếu check-in sớm trước 14 giờ?,"Nếu Quý khách có nhu cầu nhận phòng sớm trước 14 giờ và khách sạn còn phòng trống, chúng tôi sẽ tính phí 50% giá phòng của 1 đêm ạ."
GiaPhong_KhuyenMai,Nếu tôi trả phòng sau 12 giờ trưa thì có bị tính phí không?,"Quý khách có thể trả phòng muộn miễn phí đến 14 giờ. Sau thời điểm đó, chúng tôi sẽ áp dụng tính phí là 50% giá phòng một đêm ạ."
GiaPhong_KhuyenMai,Có phụ phí nào khác ngoài giá phòng niêm yết không?,"Giá phòng niêm yết đã bao gồm các tiện ích cơ bản. Các dịch vụ như đưa đón sân bay, giặt ủi, thuê xe hoặc ăn sáng (nếu chưa bao gồm) sẽ được tính phí riêng theo bảng giá dịch vụ tại khách sạn ạ."
GiaPhong_KhuyenMai,Giá phòng đã bao gồm thuế VAT chưa?,"Thông tin giá phòng chúng tôi cung cấp là mức giá niêm yết. Để biết chi tiết về hóa đơn và thuế, Quý khách vui lòng trao đổi thêm với nhân viên lễ tân khi thực hiện đặt phòng ạ."
KhachSan_DiaChi_DuongDi,Khách sạn StarStay nằm ở đâu tại Đà Nẵng?,"Thưa Quý khách, StarStay Hotel tọa lạc tại địa chỉ 123 Võ Nguyên Giáp, Phường Khuê Mỹ, Quận Ngũ Hành Sơn, thành phố Đà Nẵng ạ."
KhachSan_DiaChi_DuongDi,Tôi muốn biết địa chỉ chính xác của StarStay Hotel để đặt taxi?,"Dạ, địa chỉ của chúng tôi là 123 Võ Nguyên Giáp, Phường Khuê Mỹ, Quận Ngũ Hành Sơn, Đà Nẵng. Quý khách có thể cung cấp địa chỉ này cho tài xế để đến khách sạn một cách thuận tiện nhất ạ."
KhachSan_DiaChi_DuongDi,Khách sạn có nằm gần đường Võ Nguyên Giáp không?,"Dạ vâng, StarStay Hotel nằm ngay tại số 123 Võ Nguyên Giáp, một vị trí rất thuận lợi để Quý khách di chuyển ra bãi biển và các khu vực lân cận ạ."
KhachSan_DiaChi_DuongDi,Từ sân bay Đà Nẵng tôi nên di chuyển đến StarStay Hotel bằng cách nào?,"Quý khách có thể di chuyển bằng taxi hoặc Grab với quãng đường khoảng 8km, mất tầm 15 đến 20 phút. Ngoài ra, khách sạn cũng cung cấp dịch vụ đưa đón sân bay nếu Quý khách có nhu cầu ạ."
KhachSan_DiaChi_DuongDi,Giá taxi từ sân bay về khách sạn khoảng bao nhiêu tiền?,"Dạ, chi phí taxi từ sân bay Đà Nẵng về khách sạn thường dao động khoảng 120.000 đến 150.000 đồng tùy loại xe và hãng taxi ạ."
KhachSan_DiaChi_DuongDi,StarStay Hotel cách bãi biển Mỹ Khê bao xa?,"Dạ, khách sạn chúng tôi chỉ cách bãi biển Mỹ Khê khoảng 500 mét, Quý khách chỉ mất khoảng 5 phút đi bộ là có thể tận hưởng không khí biển rồi ạ."
KhachSan_DiaChi_DuongDi,Tôi muốn đi tham quan Ngũ Hành Sơn thì khách sạn có gần đó không?,"Dạ có ạ, danh thắng Ngũ Hành Sơn cách khách sạn chúng tôi khoảng 2km. Quý khách có thể di chuyển bằng taxi chỉ trong vòng 5 phút ạ."
KhachSan_DiaChi_DuongDi,Khoảng cách từ khách sạn đến phố cổ Hội An là bao nhiêu?,"Thưa Quý khách, phố cổ Hội An cách StarStay Hotel khoảng 25km. Quý khách có thể di chuyển bằng taxi trong khoảng 30 phút với chi phí tầm 250.000 đến 300.000 đồng ạ."
KhachSan_DiaChi_DuongDi,Tôi muốn đến Bà Nà Hills thì từ khách sạn đi mất bao lâu?,"Dạ, Bà Nà Hills cách khách sạn khoảng 45km. Quý khách sẽ mất khoảng 1 giờ di chuyển bằng taxi với chi phí dự kiến khoảng 500.000 đồng ạ."
KhachSan_DiaChi_DuongDi,Khách sạn có gần Cầu Rồng hay các khu chợ lớn không?,"Dạ có ạ, Cầu Rồng và Chợ Hàn đều cách khách sạn khoảng 6 đến 7km. Quý khách có thể dễ dàng bắt taxi để đến đó trong khoảng 15 phút ạ."
KhachSan_DiaChi_DuongDi,Tôi muốn đến bán đảo Sơn Trà thì di chuyển bằng xe máy có tiện không?,"Dạ rất tiện ạ, bán đảo Sơn Trà cách khách sạn khoảng 8km. Quý khách chỉ mất khoảng 20 phút đi xe máy để tận hưởng phong cảnh thiên nhiên tuyệt đẹp tại đó ạ."
KhachSan_DiaChi_DuongDi,Khách sạn có hỗ trợ dịch vụ đưa đón khách từ sân bay không?,"Dạ có ạ, chúng tôi cung cấp dịch vụ đưa đón sân bay với giá 500.000 đồng cho xe 4 chỗ và 800.000 đồng cho xe 7 chỗ. Quý khách vui lòng liên hệ hotline 0236 999 8888 để đặt trước ạ."
KhachSan_DiaChi_DuongDi,Nếu tôi không biết đường đến khách sạn thì nên gọi cho ai?,"Quý khách vui lòng liên hệ trực tiếp hotline 0236 999 8888, đội ngũ lễ tân của chúng tôi luôn sẵn sàng hỗ trợ chỉ dẫn đường đi cho Quý khách 24/7 ạ."
KhachSan_DiaChi_DuongDi,Khu vực quanh khách sạn có phương tiện công cộng nào không?,"Dạ, Quý khách có thể dễ dàng sử dụng Grab, taxi Mai Linh/Vinasun, xe ôm công nghệ hoặc xe buýt công cộng để di chuyển quanh thành phố Đà Nẵng một cách thuận tiện ạ."
KhachSan_DiaChi_DuongDi,Khách sạn có bản đồ hướng dẫn các điểm du lịch gần đó không?,"Dạ có ạ, tại quầy lễ tân chúng tôi luôn sẵn sàng cung cấp thông tin và hướng dẫn chi tiết các điểm tham quan nổi tiếng cho Quý khách. Nếu cần hỗ trợ thêm, Quý khách vui lòng gọi 0236 999 8888 ạ."
KhachSan_LienHe,Làm thế nào để tôi liên hệ với bộ phận lễ tân của StarStay Hotel?,Quý khách có thể liên hệ trực tiếp với lễ tân của chúng tôi qua hotline 0236 999 8888 hoạt động 24/7 hoặc gửi email về địa chỉ info@starstay.vn ạ.
KhachSan_LienHe,Nếu tôi cần hỗ trợ khẩn cấp vào ban đêm thì gọi cho ai?,Đội ngũ lễ tân của StarStay Hotel luôn túc trực 24/7. Quý khách vui lòng gọi đến hotline 0236 999 8888 để được hỗ trợ kịp thời bất cứ lúc nào ạ.
KhachSan_LienHe,Tôi muốn gửi email để xác nhận thông tin đặt phòng thì gửi về đâu?,Quý khách vui lòng gửi yêu cầu xác nhận thông tin đặt phòng đến địa chỉ email info@starstay.vn. Bộ phận chăm sóc khách hàng của chúng tôi sẽ phản hồi sớm nhất ạ.
KhachSan_LienHe,Khách sạn StarStay có số điện thoại tổng đài không?,"Dạ có, số điện thoại hotline của khách sạn là 0236 999 8888. Tổng đài của chúng tôi mở cửa phục vụ Quý khách 24/7 ạ."
KhachSan_LienHe,Tôi có thể liên lạc với khách sạn qua những kênh nào?,Quý khách có thể liên hệ với chúng tôi qua hai kênh chính là hotline 0236 999 8888 và địa chỉ email info@starstay.vn. Chúng tôi luôn sẵn sàng hỗ trợ Quý khách ạ.
KhachSan_LienHe,Địa chỉ chính xác của StarStay Hotel tại Đà Nẵng là ở đâu?,"StarStay Hotel tọa lạc tại số 123 Võ Nguyên Giáp, Phường Khuê Mỹ, Quận Ngũ Hành Sơn, Thành phố Đà Nẵng ạ."
KhachSan_LienHe,Nếu tôi muốn phản hồi về dịch vụ thì nên liên hệ với ai?,Mọi ý kiến đóng góp của Quý khách đều rất quý giá. Quý khách vui lòng liên hệ trực tiếp qua hotline 0236 999 8888 hoặc gửi email về info@starstay.vn để khách sạn ghi nhận và phục vụ tốt hơn ạ.
KhachSan_LienHe,Tôi muốn đặt dịch vụ đưa đón sân bay thì liên hệ bộ phận nào?,Quý khách vui lòng liên hệ hotline 0236 999 8888 hoặc gửi email cho chúng tôi thông tin chuyến bay để bộ phận lễ tân sắp xếp xe đón Quý khách chu đáo nhất ạ.
KhachSan_LienHe,Khách sạn có nhân viên trực điện thoại vào ngày lễ hoặc cuối tuần không?,"Dạ có, StarStay Hotel phục vụ 24/7 vào tất cả các ngày trong tuần, kể cả lễ tết. Quý khách cứ yên tâm gọi đến số 0236 999 8888 bất cứ khi nào cần hỗ trợ ạ."
KhachSan_LienHe,Tôi muốn yêu cầu thay đổi thông tin đặt phòng qua điện thoại được không?,Quý khách hoàn toàn có thể gọi đến hotline 0236 999 8888 để được nhân viên lễ tân hỗ trợ thay đổi thông tin đặt phòng nhanh chóng nhất ạ.
KhachSan_PhuHop_GiaDinh_CapDoi,Khách sạn StarStay có phù hợp để các cặp đôi lựa chọn làm nơi nghỉ dưỡng không?,"Dạ, StarStay Hotel là lựa chọn lý tưởng cho các cặp đôi với không gian sang trọng, dịch vụ Spa thư giãn và các phòng Cao cấp có tầm nhìn hướng biển tuyệt đẹp. Quý khách có thể tận hưởng không khí lãng mạn tại hồ bơi tầng thượng hoặc cùng nhau dạo bộ ra bãi biển Mỹ Khê chỉ cách 5 phút đi bộ ạ."
KhachSan_PhuHop_GiaDinh_CapDoi,"Gia đình tôi có 4 người lớn và 2 trẻ em, loại phòng nào tại khách sạn là phù hợp nhất?","Dạ, với số lượng 4 người lớn và 2 trẻ em, Quý khách nên chọn hạng phòng Gia đình của chúng tôi. Phòng có diện tích 75m² với thiết kế 2 phòng ngủ riêng biệt, đảm bảo không gian thoải mái và tiện nghi cho cả gia đình ạ."
KhachSan_PhuHop_GiaDinh_CapDoi,Phòng Suite tại StarStay Hotel có đủ rộng cho nhóm khách gia đình 3 người lớn và 2 trẻ nhỏ không?,"Dạ, phòng Suite của chúng tôi có diện tích 55m² với phòng khách riêng biệt, hoàn toàn phù hợp và thoải mái cho nhóm 3 người lớn và 2 trẻ em ạ."
KhachSan_PhuHop_GiaDinh_CapDoi,Khách sạn có cung cấp dịch vụ gì dành riêng cho trẻ em khi lưu trú cùng gia đình không?,"Dạ, gia đình Quý khách có thể tận hưởng tiện nghi hồ bơi tầng thượng (mở cửa từ 6h đến 22h) rất an toàn và thú vị cho các bé. Ngoài ra, buffet sáng tại khách sạn cũng phục vụ đa dạng món ăn phù hợp với khẩu vị của trẻ nhỏ ạ."
KhachSan_PhuHop_GiaDinh_CapDoi,Các cặp đôi có thể sử dụng dịch vụ Spa tại khách sạn để thư giãn không?,"Dạ, tất nhiên ạ. StarStay Hotel cung cấp dịch vụ Spa toàn thân 90 phút hoặc massage chân 45 phút, rất phù hợp để các cặp đôi thư giãn sau một ngày tham quan Đà Nẵng. Spa mở cửa phục vụ từ 9h đến 22h mỗi ngày ạ."
KhachSan_PhuHop_GiaDinh_CapDoi,Khách sạn có gần các điểm du lịch nào phù hợp để gia đình đưa trẻ em đi chơi không?,"Dạ, khách sạn nằm cách bãi biển Mỹ Khê chỉ 500m, rất thuận tiện để các bé tắm biển. Ngoài ra, Quý khách có thể dễ dàng di chuyển đến Ngũ Hành Sơn bằng taxi chỉ mất 5 phút hoặc tham quan Bà Nà Hills, nơi có rất nhiều trò chơi thú vị cho trẻ em ạ."
KhachSan_PhuHop_GiaDinh_CapDoi,"Tôi muốn đặt phòng cho kỳ nghỉ trăng mật, khách sạn có hỗ trợ trang trí phòng không?","Dạ, chúc mừng hạnh phúc của hai Anh/Chị! Quý khách vui lòng liên hệ trực tiếp qua hotline 0236 999 8888 để chúng tôi hỗ trợ tư vấn các gói trang trí phòng lãng mạn dành riêng cho kỳ nghỉ trăng mật ạ."
KhachSan_PhuHop_GiaDinh_CapDoi,"Nếu gia đình tôi đi xe ô tô riêng đến Đà Nẵng, khách sạn có chỗ đậu xe không?","Dạ, StarStay Hotel có bãi đậu xe rộng rãi, miễn phí cho cả ô tô và xe máy của Quý khách. Anh/Chị hoàn toàn có thể yên tâm về phương tiện đi lại khi lưu trú tại đây ạ."
KhachSan_PhuHop_GiaDinh_CapDoi,Phòng Cao cấp của khách sạn có giường đôi lớn không và có view biển không?,"Dạ, hạng phòng Cao cấp của chúng tôi được trang bị giường King rộng rãi và có tầm nhìn hướng biển tuyệt đẹp, rất thích hợp cho các cặp đôi tận hưởng không gian riêng tư ạ."
KhachSan_PhuHop_GiaDinh_CapDoi,Khách sạn có cho phép mang theo thú cưng không vì gia đình tôi muốn đưa cún cưng đi cùng?,"Dạ, rất tiếc là StarStay Hotel không cho phép mang theo thú cưng để đảm bảo vệ sinh và không gian nghỉ dưỡng cho tất cả Quý khách. Mong Anh/Chị thông cảm cho quy định này của khách sạn ạ."
KhachSan_PhuHop_GiaDinh_CapDoi,Tôi muốn biết giá phòng Gia đình đã bao gồm buffet sáng chưa?,"Dạ, giá phòng Gia đình là 3.500.000đ/đêm. Nếu Quý khách cần thông tin chi tiết về các ưu đãi kèm theo buffet sáng, vui lòng liên hệ hotline 0236 999 8888 để bộ phận lễ tân hỗ trợ tư vấn gói đặt phòng tốt nhất ạ."
KhachSan_PhuHop_GiaDinh_CapDoi,Gia đình tôi muốn thuê xe máy để tự khám phá Đà Nẵng thì khách sạn có hỗ trợ không?,"Dạ, khách sạn có dịch vụ cho thuê xe máy với giá 150.000đ/ngày hoặc xe đạp với giá 50.000đ/ngày. Đây là phương tiện rất thuận tiện để gia đình cùng nhau đi tham quan quanh thành phố ạ."
KhachSan_PhuHop_GiaDinh_CapDoi,Khách sạn có dịch vụ đưa đón sân bay cho gia đình đông người không?,Dạ có ạ. Chúng tôi cung cấp dịch vụ đưa đón sân bay với xe 4 chỗ giá 500.000đ/lượt và xe 7 chỗ giá 800.000đ/lượt. Quý khách vui lòng thông báo thời gian chuyến bay để khách sạn sắp xếp xe đón gia đình mình chu đáo nhất ạ.
KhachSan_PhuHop_GiaDinh_CapDoi,"Tôi muốn đặt phòng tại StarStay Hotel để tổ chức kỷ niệm ngày cưới, khách sạn có dịch vụ gì đặc biệt không?","Dạ, chúng tôi rất hân hạnh được đồng hành cùng ngày kỷ niệm của Quý khách. Anh/Chị có thể liên hệ hotline 0236 999 8888 hoặc gửi email đến info@starstay.vn để được tư vấn về các dịch vụ chuẩn bị phòng và đặt bàn ăn tối lãng mạn ạ."
KhachSan_PhuHop_GiaDinh_CapDoi,Khu vực hồ bơi ở khách sạn có an toàn cho trẻ em không?,"Dạ, hồ bơi của chúng tôi nằm tại tầng thượng, luôn được kiểm soát chặt chẽ về an ninh và vệ sinh. Tuy nhiên, chúng tôi khuyến khích Quý khách luôn để mắt đến các bé khi vui chơi tại khu vực hồ bơi để đảm bảo an toàn tuyệt đối ạ."
KhachSan_HoTroNguoiKhuyetTat,Khách sạn có lối đi dành riêng cho người sử dụng xe lăn không?,"Dạ có, StarStay Hotel được thiết kế với lối đi riêng thuận tiện cho xe lăn tại sảnh chính và các khu vực công cộng để đảm bảo sự thuận tiện tối đa cho Quý khách ạ."
KhachSan_HoTroNguoiKhuyetTat,"Tôi bị hạn chế khả năng vận động, khách sạn có thang máy để di chuyển giữa các tầng không?","Dạ hoàn toàn có ạ. Hệ thống thang máy của khách sạn được bố trí hiện đại, rộng rãi và an toàn, giúp Quý khách di chuyển dễ dàng giữa các tầng trong suốt thời gian lưu trú."
KhachSan_HoTroNguoiKhuyetTat,"Nếu tôi đi cùng người thân cần hỗ trợ đặc biệt, khách sạn có cung cấp dịch vụ hỗ trợ tại sảnh không?",Dạ có ạ. Đội ngũ lễ tân của chúng tôi luôn túc trực 24/7 để hỗ trợ Quý khách trong việc di chuyển hành lý và các vấn đề cần thiết khác. Quý khách vui lòng liên hệ hotline 0236 999 8888 nếu cần hỗ trợ cụ thể trước khi đến ạ.
KhachSan_HoTroNguoiKhuyetTat,Khu vực hồ bơi và phòng tập gym có lối đi thuận tiện cho người khuyết tật không?,"Dạ, các tiện ích của chúng tôi như hồ bơi và phòng gym đều nằm trong tòa nhà và có thang máy kết nối trực tiếp, rất thuận tiện cho việc di chuyển của Quý khách ạ."
KhachSan_HoTroNguoiKhuyetTat,"Tôi cần đặt phòng ở tầng thấp để thuận tiện cho việc di chuyển vì lý do sức khỏe, tôi phải làm thế nào?","Dạ, Quý khách vui lòng ghi chú yêu cầu này trong đơn đặt phòng hoặc liên hệ trực tiếp tới số 0236 999 8888. Bộ phận lễ tân sẽ ưu tiên sắp xếp phòng ở vị trí thuận lợi nhất tùy theo tình trạng phòng trống tại thời điểm đó ạ."
KhachSan_HoTroNguoiKhuyetTat,Khách sạn có trang bị tay vịn hoặc thiết bị hỗ trợ trong phòng tắm cho người khuyết tật không?,"Dạ, các phòng tại StarStay Hotel được thiết kế theo tiêu chuẩn 4 sao với không gian thoáng đãng. Nếu Quý khách cần hỗ trợ đặc biệt về thiết bị trong phòng tắm, xin vui lòng liên hệ trước với bộ phận lễ tân qua hotline 0236 999 8888 để chúng tôi chuẩn bị tốt nhất ạ."
KhachSan_HoTroNguoiKhuyetTat,Nhân viên khách sạn có được đào tạo để hỗ trợ người khuyết tật không?,"Dạ có ạ. Đội ngũ nhân viên của StarStay Hotel luôn sẵn sàng hỗ trợ tận tình và chu đáo đối với mọi khách hàng, đặc biệt là những Quý khách cần sự hỗ trợ đặc biệt để đảm bảo kỳ nghỉ của Quý khách được trọn vẹn nhất."
KhachSan_HoTroNguoiKhuyetTat,"Nếu tôi sử dụng xe điện hoặc xe lăn điện, khách sạn có chỗ sạc pin không?","Dạ, Quý khách vui lòng liên hệ với lễ tân tại quầy hoặc gọi 0236 999 8888 khi đến nơi. Chúng tôi sẽ bố trí khu vực sạc an toàn và thuận tiện nhất cho thiết bị của Quý khách ạ."
KhachSan_HoTroNguoiKhuyetTat,Tôi có thể yêu cầu nhân viên hỗ trợ mang hành lý lên tận phòng không?,"Dạ chắc chắn rồi ạ. Quý khách chỉ cần liên hệ với lễ tân khi làm thủ tục check-in, nhân viên của chúng tôi sẽ hỗ trợ mang hành lý và đưa Quý khách lên phòng một cách chu đáo nhất."
KhachSan_HoTroNguoiKhuyetTat,Khách sạn có dịch vụ xe đưa đón sân bay phù hợp cho người dùng xe lăn không?,"Dạ, chúng tôi có dịch vụ xe đưa đón sân bay riêng. Quý khách vui lòng thông báo trước nhu cầu sử dụng xe cho người khuyết tật qua số 0236 999 8888 để chúng tôi sắp xếp loại xe phù hợp nhất ạ."
DiaDiem_BaNaHills,Tôi muốn đi tham quan Bà Nà Hills từ khách sạn StarStay thì di chuyển như thế nào?,"Chào Quý khách, Bà Nà Hills cách khách sạn khoảng 45km. Quý khách có thể di chuyển bằng taxi với thời gian khoảng 1 giờ đồng hồ, chi phí ước tính khoảng 500.000 đồng một lượt ạ."
DiaDiem_BaNaHills,Khách sạn có hỗ trợ đặt xe đi Bà Nà Hills không?,Dạ có ạ. Quý khách vui lòng liên hệ lễ tân hoặc gọi hotline 0236 999 8888 để được hỗ trợ đặt xe di chuyển đến Bà Nà Hills một cách thuận tiện nhất.
DiaDiem_BaNaHills,Giá vé cáp treo Bà Nà Hills là bao nhiêu tiền?,"Dạ, hiện tại giá vé cáp treo Bà Nà Hills là 900.000 đồng/người lớn ạ. Quý khách có thể liên hệ lễ tân để được hỗ trợ thông tin chi tiết hơn."
DiaDiem_BaNaHills,Từ StarStay Hotel mất bao lâu để đến được Cầu Vàng?,"Cầu Vàng nằm trong khu du lịch Bà Nà Hills, cách khách sạn chúng tôi khoảng 45km. Quý khách sẽ mất khoảng 60 phút di chuyển bằng taxi để đến nơi ạ."
DiaDiem_BaNaHills,Tôi nên bắt taxi nào để đi Bà Nà Hills từ khách sạn?,"Quý khách có thể sử dụng các hãng taxi uy tín như Mai Linh, Vinasun hoặc đặt xe qua ứng dụng Grab. Nếu cần hỗ trợ gọi xe, Quý khách hãy liên hệ lễ tân 24/7 của chúng tôi qua số 0236 999 8888 nhé."
DiaDiem_BaNaHills,Có xe buýt công cộng nào đi từ khách sạn đến thẳng Bà Nà Hills không?,"Dạ, hiện tại chưa có tuyến xe buýt công cộng trực tiếp từ khách sạn đến Bà Nà Hills. Phương án di chuyển thuận tiện và nhanh chóng nhất là taxi hoặc xe dịch vụ ạ."
DiaDiem_BaNaHills,Tôi nên khởi hành từ khách sạn lúc mấy giờ để kịp tham quan Bà Nà Hills?,"Vì Bà Nà Hills cách khách sạn khoảng 1 giờ di chuyển, chúng tôi khuyên Quý khách nên khởi hành sớm từ 7:30 hoặc 8:00 sáng để có nhiều thời gian tham quan và tránh đông đúc ạ."
DiaDiem_BaNaHills,Khách sạn có bán vé tham quan Bà Nà Hills không?,Quý khách vui lòng liên hệ trực tiếp tại quầy lễ tân để được nhân viên hỗ trợ thông tin về việc đặt vé tham quan Bà Nà Hills một cách nhanh chóng nhất ạ.
DiaDiem_BaNaHills,Khoảng cách từ StarStay Hotel đến khu du lịch Bà Nà Hills là bao xa?,Khách sạn StarStay cách Bà Nà Hills khoảng 45km. Quý khách sẽ mất khoảng 1 giờ di chuyển bằng đường bộ để đến địa điểm này ạ.
DiaDiem_BaNaHills,Chi phí trọn gói cho một chuyến đi Bà Nà Hills từ khách sạn là khoảng bao nhiêu?,Chi phí di chuyển bằng taxi khoảng 500.000 đồng/lượt và giá vé cáp treo là 900.000 đồng/người lớn. Tổng chi phí phụ thuộc vào số lượng người đi cùng Quý khách ạ.
DiaDiem_BaNaHills,"Thời tiết ở Bà Nà Hills có lạnh không, tôi có cần chuẩn bị áo khoác từ khách sạn không?",Thời tiết trên đỉnh Bà Nà thường mát mẻ và se lạnh hơn so với trung tâm thành phố. Quý khách nên mang theo áo khoác mỏng khi khởi hành từ khách sạn để đảm bảo sức khỏe ạ.
DiaDiem_BaNaHills,"Tôi đi theo nhóm đông người, khách sạn có xe đưa đón đi Bà Nà Hills không?","Dạ, chúng tôi có thể hỗ trợ điều phối xe dịch vụ phù hợp với số lượng khách trong đoàn. Quý khách vui lòng gọi 0236 999 8888 để lễ tân tư vấn phương án tốt nhất ạ."
DiaDiem_CauVang,Khách sạn StarStay có gần Cầu Vàng ở Bà Nà Hills không?,"Dạ, từ khách sạn StarStay đến khu du lịch Bà Nà Hills - nơi có Cầu Vàng là khoảng 45km. Quý khách sẽ mất khoảng 1 giờ di chuyển bằng taxi ạ."
DiaDiem_CauVang,Tôi muốn đi tham quan Cầu Vàng thì nên di chuyển bằng phương tiện gì từ khách sạn?,Quý khách có thể đặt taxi hoặc Grab để di chuyển đến Bà Nà Hills một cách thuận tiện nhất ạ. Chi phí taxi cho một lượt đi khoảng 500.000 đồng.
DiaDiem_CauVang,Giá vé cáp treo để lên tham quan Cầu Vàng là bao nhiêu?,Giá vé cáp treo lên Bà Nà Hills tham quan Cầu Vàng hiện tại là 900.000 đồng một người lớn ạ.
DiaDiem_CauVang,Làm thế nào để đặt xe đi Cầu Vàng từ khách sạn?,"Quý khách vui lòng liên hệ lễ tân hoặc gọi hotline 0236 999 8888, chúng tôi luôn sẵn sàng hỗ trợ đặt xe taxi cho Quý khách 24/7 ạ."
DiaDiem_CauVang,Thời gian di chuyển từ StarStay Hotel đến Cầu Vàng mất bao lâu?,"Dạ, thời gian di chuyển bằng taxi từ khách sạn chúng tôi đến khu vực Cầu Vàng mất khoảng 1 giờ đồng hồ ạ."
DiaDiem_CauVang,Tôi có thể nhờ khách sạn mua hộ vé cáp treo đi Cầu Vàng không?,"Dạ có ạ, Quý khách vui lòng liên hệ trực tiếp tại quầy lễ tân để được nhân viên hỗ trợ thông tin và đặt vé tham quan Bà Nà Hills ạ."
DiaDiem_CauVang,Khoảng cách từ StarStay Hotel đến Bà Nà Hills là bao xa?,Khách sạn StarStay cách Bà Nà Hills khoảng 45km. Quý khách có thể di chuyển dễ dàng bằng taxi hoặc các phương tiện công nghệ ạ.
DiaDiem_CauVang,Chi phí đi taxi từ khách sạn đến địa điểm có Cầu Vàng là khoảng bao nhiêu?,Chi phí taxi cho một lượt di chuyển từ khách sạn đến Bà Nà Hills rơi vào khoảng 500.000 đồng ạ.
DiaDiem_CauVang,Tôi muốn đi Cầu Vàng vào sáng sớm thì có thể bắt xe ở đâu?,Quý khách có thể đặt xe qua ứng dụng Grab hoặc liên hệ lễ tân khách sạn StarStay để được hỗ trợ gọi taxi bất cứ lúc nào ạ.
DiaDiem_CauVang,Khách sạn có dịch vụ tour đưa đón đến Cầu Vàng không?,Hiện tại chúng tôi chủ yếu hỗ trợ Quý khách đặt xe taxi đi Bà Nà Hills. Quý khách vui lòng liên hệ lễ tân để được tư vấn chi tiết hơn ạ.
DiaDiem_CauVang,Nếu tôi tự lái xe máy đi Cầu Vàng thì có thuận tiện không?,"Quý khách hoàn toàn có thể tự di chuyển bằng xe máy, tuy nhiên quãng đường 45km khá xa nên Quý khách hãy chú ý an toàn và kiểm tra thời tiết trước khi đi ạ."
DiaDiem_CauVang,Cầu Vàng nằm ở khu vực nào tại Đà Nẵng?,"Cầu Vàng nằm trong khu du lịch Bà Nà Hills, cách trung tâm thành phố Đà Nẵng và khách sạn StarStay khoảng 45km về phía Tây ạ."
DiaDiem_CauVang,Có xe buýt công cộng nào đi đến Cầu Vàng từ khu vực khách sạn không?,Hiện tại không có tuyến xe buýt công cộng trực tiếp đến Bà Nà Hills. Quý khách nên lựa chọn taxi hoặc Grab để thuận tiện nhất ạ.
DiaDiem_CauVang,Tôi cần chuẩn bị gì khi đi tham quan Cầu Vàng?,"Quý khách nên mang theo áo khoác nhẹ vì thời tiết trên Bà Nà Hills thường se lạnh, đồng thời đừng quên mang theo máy ảnh để ghi lại những khoảnh khắc đẹp ạ."
DiaDiem_CauVang,Gia đình tôi 4 người muốn đi Cầu Vàng thì nên đặt loại xe nào?,"Với nhóm 4 người, Quý khách nên đặt xe taxi 7 chỗ để đảm bảo không gian thoải mái nhất cho chuyến hành trình dài 45km ạ."
DiaDiem_BanDaoSonTra,Từ khách sạn StarStay tôi đi đến Bán đảo Sơn Trà bằng cách nào?,"Quý khách có thể di chuyển đến Bán đảo Sơn Trà từ khách sạn bằng xe máy, taxi hoặc dịch vụ Grab. Khoảng cách là 8km và Quý khách sẽ mất khoảng 20 phút di chuyển bằng xe máy ạ."
DiaDiem_BanDaoSonTra,Khách sạn có dịch vụ cho thuê xe máy để tôi đi tham quan Bán đảo Sơn Trà không?,Dạ có ạ. Khách sạn StarStay có dịch vụ cho thuê xe máy với giá 150.000 đồng/ngày để phục vụ nhu cầu tham quan của Quý khách.
DiaDiem_BanDaoSonTra,Khoảng cách từ StarStay Hotel đến Bán đảo Sơn Trà là bao xa?,Bán đảo Sơn Trà cách khách sạn StarStay khoảng 8km. Quý khách chỉ mất tầm 20 phút lái xe để đến địa điểm này ạ.
DiaDiem_BanDaoSonTra,"Tôi muốn đi tham quan Bán đảo Sơn Trà vào buổi sáng, khách sạn có hỗ trợ đặt xe không?","Dạ có ạ, lễ tân của chúng tôi luôn sẵn sàng hỗ trợ Quý khách đặt xe taxi hoặc hướng dẫn lộ trình di chuyển tới Bán đảo Sơn Trà bất cứ lúc nào. Quý khách vui lòng liên hệ hotline 0236 999 8888 để được hỗ trợ nhanh nhất ạ."
DiaDiem_BanDaoSonTra,Thời gian di chuyển từ StarStay Hotel đến Bán đảo Sơn Trà mất bao lâu?,"Thông thường, Quý khách sẽ mất khoảng 20 phút di chuyển bằng xe máy hoặc ô tô để đến Bán đảo Sơn Trà từ khách sạn chúng tôi ạ."
DiaDiem_BanDaoSonTra,Tôi nên chọn phương tiện gì để lên tham quan Bán đảo Sơn Trà cho an toàn?,"Để an toàn khi tham quan Bán đảo Sơn Trà, Quý khách có thể lựa chọn taxi hoặc Grab. Nếu Quý khách tự lái xe máy, xin lưu ý kiểm tra phanh và tay lái kỹ lưỡng trước khi khởi hành ạ."
DiaDiem_BanDaoSonTra,"Từ vị trí khách sạn, có thể đi bộ đến Bán đảo Sơn Trà được không?","Dạ không ạ, Bán đảo Sơn Trà cách khách sạn 8km, quãng đường này khá xa nên Quý khách vui lòng sử dụng xe máy, taxi hoặc xe dịch vụ để thuận tiện di chuyển ạ."
DiaDiem_BanDaoSonTra,Khách sạn có bản đồ du lịch hay hướng dẫn đi Bán đảo Sơn Trà không?,Dạ có ạ. Lễ tân của StarStay Hotel luôn sẵn sàng cung cấp thông tin và hướng dẫn chi tiết lộ trình tham quan Bán đảo Sơn Trà cho Quý khách.
DiaDiem_BanDaoSonTra,Tôi muốn thuê xe đạp để đi dạo quanh khu vực Bán đảo Sơn Trà có được không?,"Khách sạn có dịch vụ cho thuê xe đạp với giá 50.000 đồng/ngày. Tuy nhiên, đường lên Bán đảo Sơn Trà khá dốc và xa, chúng tôi khuyến khích Quý khách nên thuê xe máy hoặc taxi để đảm bảo sức khỏe ạ."
DiaDiem_BanDaoSonTra,Tại Bán đảo Sơn Trà có những địa điểm nào nổi bật nên ghé thăm?,"Khi đến Bán đảo Sơn Trà, Quý khách không nên bỏ lỡ chùa Linh Ứng, đỉnh Bàn Cờ và cây đa ngàn năm. Đây là những địa danh rất nổi tiếng và đáng trải nghiệm ạ."
DiaDiem_BaiBienMyKhe,Khách sạn StarStay cách bãi biển Mỹ Khê bao xa?,"Khách sạn StarStay nằm tại 123 Võ Nguyên Giáp, chỉ cách bãi biển Mỹ Khê khoảng 500 mét, rất thuận tiện để Quý khách đi bộ ra biển dạo mát ạ."
DiaDiem_BaiBienMyKhe,Từ khách sạn tôi mất bao lâu để đi bộ đến bãi biển Mỹ Khê?,Quý khách chỉ mất khoảng 5 phút đi bộ thong thả là đã có thể đặt chân đến bãi biển Mỹ Khê xinh đẹp từ khách sạn ạ.
DiaDiem_BaiBienMyKhe,Khách sạn có cung cấp dịch vụ đưa đón ra bãi biển Mỹ Khê không?,"Vì vị trí khách sạn rất gần bãi biển Mỹ Khê (chỉ 500 mét), Quý khách có thể dễ dàng đi bộ chỉ trong 5 phút. Nếu cần hỗ trợ thêm thông tin đường đi, Quý khách vui lòng liên hệ lễ tân ạ."
DiaDiem_BaiBienMyKhe,"Tôi muốn tắm biển Mỹ Khê vào buổi sáng sớm, khách sạn có gần đó không?","Dạ rất gần ạ. Khách sạn StarStay chỉ cách bãi biển Mỹ Khê 500 mét, rất lý tưởng để Quý khách đi dạo hoặc tắm biển vào buổi sáng sớm."
DiaDiem_BaiBienMyKhe,Khu vực bãi biển gần khách sạn có an toàn để bơi lội không?,"Bãi biển Mỹ Khê là một trong những bãi biển đẹp và an toàn nhất tại Đà Nẵng. Tuy nhiên, Quý khách nên lưu ý tắm tại khu vực có cờ cứu hộ và tuân thủ hướng dẫn của đội ngũ an ninh bãi biển ạ."
DiaDiem_BaiBienMyKhe,Xung quanh bãi biển Mỹ Khê có các dịch vụ ăn uống hay hải sản không?,"Dạ có ạ. Khu vực xung quanh bãi biển Mỹ Khê tập trung rất nhiều nhà hàng hải sản tươi sống và các quán ăn đặc sản Đà Nẵng, rất thuận tiện cho nhu cầu thưởng thức ẩm thực của Quý khách."
DiaDiem_BaiBienMyKhe,Khách sạn có cho mượn khăn tắm để mang ra bãi biển Mỹ Khê không?,"Để đảm bảo vệ sinh và quy định của khách sạn, khăn tắm tại phòng chỉ được sử dụng trong khuôn viên khách sạn. Quý khách vui lòng sử dụng khăn cá nhân khi ra bãi biển ạ."
DiaDiem_BaiBienMyKhe,Lộ trình đi bộ từ khách sạn ra bãi biển Mỹ Khê có dễ đi không?,"Lộ trình đi bộ ra biển rất dễ dàng và thông thoáng. Từ khách sạn, Quý khách chỉ cần đi dọc theo đường Võ Nguyên Giáp là sẽ đến ngay bãi biển ạ."
DiaDiem_BaiBienMyKhe,Tôi có thể thuê xe đạp tại khách sạn để dạo quanh bãi biển Mỹ Khê không?,"Dạ có ạ. Khách sạn có dịch vụ cho thuê xe đạp với giá 50.000 đồng/ngày, rất phù hợp để Quý khách đạp xe dạo quanh bãi biển Mỹ Khê vào sáng sớm hoặc chiều mát."
DiaDiem_BaiBienMyKhe,Bãi biển Mỹ Khê có ghế dù cho khách du lịch thuê không?,Dạ có ạ. Tại bãi biển Mỹ Khê có cung cấp sẵn các dịch vụ cho thuê ghế dù và các tiện ích giải trí biển khác để phục vụ du khách.
DiaDiem_BaiBienMyKhe,"Nếu tôi muốn ngắm bình minh tại bãi biển Mỹ Khê, tôi nên đi từ mấy giờ?","Bình minh tại bãi biển Mỹ Khê thường bắt đầu rất đẹp từ khoảng 5:00 đến 5:30 sáng. Với khoảng cách 500 mét, Quý khách chỉ cần xuất phát trước đó 5-10 phút là kịp ạ."
DiaDiem_BaiBienMyKhe,Gần bãi biển Mỹ Khê có dịch vụ cho thuê xe máy không?,"Tại khách sạn StarStay, chúng tôi có sẵn dịch vụ cho thuê xe máy với giá 150.000 đồng/ngày để Quý khách thuận tiện di chuyển khám phá khu vực biển và thành phố ạ."
DiaDiem_BaiBienMyKhe,Có lối đi cho người khuyết tật từ khách sạn ra khu vực bãi biển không?,"Khách sạn chúng tôi có trang bị lối đi cho người khuyết tật trong khuôn viên. Đối với khu vực bãi biển công cộng, phần lớn lối đi đều được thiết kế thuận tiện cho xe lăn ạ."
DiaDiem_BaiBienMyKhe,"Tôi muốn hỏi về thời tiết tại bãi biển Mỹ Khê, có nên đi tắm biển vào lúc này không?",Quý khách có thể kiểm tra thông tin thời tiết tại quầy lễ tân hoặc gọi hotline 0236 999 8888 để được nhân viên tư vấn cụ thể tình trạng biển trước khi đi ạ.
DiaDiem_BaiBienMyKhe,Có cần mang theo giấy tờ tùy thân khi ra bãi biển Mỹ Khê không?,"Quý khách nên mang theo một bản sao giấy tờ tùy thân hoặc thông tin liên lạc cần thiết khi ra ngoài. Tại bãi biển, Quý khách lưu ý bảo quản tư trang cá nhân cẩn thận ạ."
DiaDiem_PhoCo_HoiAn,Từ khách sạn StarStay đến Phố cổ Hội An mất bao lâu?,"Dạ, từ khách sạn StarStay đến Phố cổ Hội An cách khoảng 25km, Quý khách sẽ mất tầm 30 phút di chuyển bằng taxi ạ."
DiaDiem_PhoCo_HoiAn,Tôi muốn đi tham quan Hội An thì nên di chuyển bằng phương tiện gì?,"Dạ, để thuận tiện và thoải mái nhất, Quý khách có thể đặt taxi hoặc gọi Grab với chi phí khoảng 250.000đ đến 300.000đ một chiều ạ."
DiaDiem_PhoCo_HoiAn,Khách sạn có dịch vụ đưa đón khách đi Phố cổ Hội An không?,"Dạ, hiện tại khách sạn hỗ trợ gọi xe taxi hoặc Grab cho Quý khách. Nếu cần hỗ trợ đặt xe, Quý khách vui lòng liên hệ lễ tân hoặc gọi hotline 0236 999 8888 để được giúp đỡ ạ."
DiaDiem_PhoCo_HoiAn,Phố cổ Hội An cách StarStay Hotel bao nhiêu cây số?,"Dạ, khoảng cách từ khách sạn StarStay đến Phố cổ Hội An là 25km ạ."
DiaDiem_PhoCo_HoiAn,Tôi có thể tự lái xe máy từ Đà Nẵng đi Hội An không?,"Dạ, Quý khách hoàn toàn có thể thuê xe máy tại khách sạn với giá 150.000đ/ngày để tự mình khám phá cung đường ven biển tuyệt đẹp từ Đà Nẵng đến Hội An ạ."
DiaDiem_PhoCo_HoiAn,Khoảng bao nhiêu tiền để đi taxi từ khách sạn đến Hội An?,"Dạ, chi phí taxi từ khách sạn StarStay đến Phố cổ Hội An thường dao động trong khoảng 250.000đ đến 300.000đ cho một lượt di chuyển ạ."
DiaDiem_PhoCo_HoiAn,"Tôi muốn đến Hội An vào buổi chiều tối, khách sạn có gợi ý gì không?","Dạ, Hội An vào buổi tối rất đẹp với đèn lồng lung linh. Quý khách nên đi vào khoảng 15h để kịp ngắm hoàng hôn và thưởng thức đặc sản địa phương trước khi dạo phố lên đèn ạ."
DiaDiem_PhoCo_HoiAn,"Gia đình tôi có trẻ nhỏ, đi Hội An bằng taxi có tiện không?","Dạ, đi taxi là lựa chọn tối ưu nhất cho gia đình có trẻ nhỏ vì sự thoải mái, an toàn và tránh nắng nóng ạ. Quý khách có thể liên hệ lễ tân để chúng tôi hỗ trợ đặt xe giúp Quý khách nhé."
DiaDiem_PhoCo_HoiAn,Có xe buýt công cộng nào đi từ Đà Nẵng đến Hội An không?,"Dạ, có tuyến xe buýt công cộng từ Đà Nẵng đi Hội An. Tuy nhiên, để linh hoạt thời gian và thoải mái cho Quý khách, chúng tôi vẫn khuyến khích sử dụng taxi hoặc Grab ạ."
DiaDiem_PhoCo_HoiAn,"Tôi muốn dành cả ngày ở Hội An, khách sạn có thể chuẩn bị gì cho tôi không?","Dạ, chúng tôi có thể chuẩn bị bữa sáng buffet từ 6:30 đến 10:00 để Quý khách nạp năng lượng trước khi đi. Quý khách cũng có thể liên hệ lễ tân qua hotline 0236 999 8888 để được tư vấn lộ trình tham quan phù hợp ạ."
DiaDiem_PhoCo_HoiAn,Từ khách sạn tôi có thể kết hợp đi Ngũ Hành Sơn rồi mới đến Hội An được không?,"Dạ, đây là lộ trình rất hợp lý vì Ngũ Hành Sơn chỉ cách khách sạn 2km trên đường đi Hội An. Quý khách có thể ghé thăm danh thắng này trước khi tiếp tục hành trình đến Phố cổ ạ."
DiaDiem_PhoCo_HoiAn,Nếu tôi đi Hội An về muộn vào đêm khuya thì khách sạn có mở cửa không?,"Dạ, khách sạn StarStay có lễ tân trực 24/7 nên Quý khách hoàn toàn yên tâm, dù Quý khách trở về khách sạn vào thời gian nào cũng sẽ có nhân viên hỗ trợ ạ."
DiaDiem_PhoCo_HoiAn,Đường đi từ StarStay đến Hội An có khó tìm không?,"Dạ, đường đi rất thuận tiện và dễ tìm theo trục đường ven biển Võ Nguyên Giáp. Nếu Quý khách cần chỉ dẫn chi tiết, bộ phận lễ tân tại sảnh luôn sẵn sàng hỗ trợ Quý khách ạ."
DiaDiem_PhoCo_HoiAn,Hội An có cách xa sân bay Đà Nẵng không?,"Dạ, từ sân bay Đà Nẵng đến Hội An khoảng 30km. Nếu Quý khách cần di chuyển thẳng từ sân bay đi Hội An hoặc ngược lại, chúng tôi luôn sẵn sàng hỗ trợ gọi xe giúp Quý khách ạ."
DiaDiem_PhoCo_HoiAn,Tôi muốn thuê xe đạp để đi dạo quanh Hội An có được không?,"Dạ, khách sạn có dịch vụ cho thuê xe đạp với giá 50.000đ/ngày. Tuy nhiên, vì khoảng cách đến Hội An là 25km, Quý khách nên cân nhắc thuê xe máy hoặc taxi để di chuyển đến đó trước rồi mới dùng xe đạp dạo phố ạ."
KhachSan_LichSu_GioiThieu,StarStay Hotel là khách sạn đạt tiêu chuẩn mấy sao?,"StarStay Hotel là khách sạn đạt tiêu chuẩn 4 sao, tọa lạc tại vị trí đắc địa ngay mặt tiền biển Đà Nẵng, mang đến trải nghiệm nghỉ dưỡng sang trọng và đẳng cấp cho Quý khách ạ."
KhachSan_LichSu_GioiThieu,StarStay Hotel có những loại phòng nào để tôi lựa chọn?,"Chúng tôi cung cấp 4 loại phòng phù hợp với mọi nhu cầu của Quý khách, bao gồm: phòng Tiêu chuẩn, phòng Cao cấp, phòng Suite và phòng Gia đình. Mỗi loại phòng đều được thiết kế tiện nghi để đảm bảo kỳ nghỉ thoải mái nhất ạ."
KhachSan_LichSu_GioiThieu,Khách sạn có cho phép mang theo thú cưng khi lưu trú không?,"Rất tiếc, StarStay Hotel hiện không cho phép mang theo thú cưng để đảm bảo vệ sinh và không gian chung cho tất cả các Quý khách ạ."
KhachSan_LichSu_GioiThieu,Tôi có thể hút thuốc trong phòng tại khách sạn không?,"Tại StarStay Hotel, chúng tôi nghiêm cấm việc hút thuốc trong phòng để bảo vệ sức khỏe và môi trường chung. Nếu vi phạm, Quý khách sẽ chịu mức phạt là 2 triệu đồng ạ."
KhachSan_LichSu_GioiThieu,Khách sạn có trang bị hệ thống an ninh như thế nào?,"Để đảm bảo sự an toàn cho Quý khách, chúng tôi bố trí camera an ninh tại khắp các hành lang, trang bị két sắt trong mỗi phòng và đội ngũ lễ tân luôn túc trực 24/7 ạ."
KhachSan_LichSu_GioiThieu,Khách sạn có lối đi riêng dành cho người khuyết tật không?,"Có ạ, StarStay Hotel luôn chú trọng trải nghiệm của tất cả khách hàng, vì vậy chúng tôi có trang bị thang máy cũng như lối đi chuyên biệt dành cho người khuyết tật trong khuôn viên khách sạn."
KhachSan_LichSu_GioiThieu,Thời gian nhận phòng và trả phòng tiêu chuẩn tại StarStay Hotel là khi nào?,Giờ nhận phòng (check-in) tiêu chuẩn là 14:00 và giờ trả phòng (check-out) là 12:00 trưa hàng ngày ạ.
KhachSan_LichSu_GioiThieu,Tôi có thể yêu cầu nhận phòng sớm hơn 14 giờ được không?,"Quý khách có thể nhận phòng sớm nếu phòng trống tại thời điểm đó. Trường hợp nhận phòng trước 14:00, chúng tôi sẽ phụ thu 50% giá phòng của một đêm ạ."
KhachSan_LichSu_GioiThieu,Nếu tôi muốn trả phòng muộn thì khách sạn có tính phí không?,"Quý khách có thể trả phòng muộn miễn phí đến 14:00. Sau khung giờ này, khách sạn sẽ áp dụng mức phụ thu 50% giá phòng của một đêm ạ."
KhachSan_LichSu_GioiThieu,Khách sạn có cung cấp dịch vụ đưa đón sân bay không?,"Có ạ, StarStay Hotel có dịch vụ đưa đón sân bay với mức giá 500.000đ/lượt cho xe 4 chỗ và 800.000đ/lượt cho xe 7 chỗ. Quý khách vui lòng liên hệ lễ tân để đặt lịch ạ."
KhachSan_LichSu_GioiThieu,Tôi có thể thanh toán tiền phòng bằng những phương thức nào?,"Quý khách có thể thanh toán dễ dàng qua VNPay, Momo, chuyển khoản ngân hàng, thẻ Visa/Master Card hoặc thanh toán bằng tiền mặt trực tiếp tại quầy ạ."
KhachSan_LichSu_GioiThieu,Chính sách hủy phòng của khách sạn như thế nào?,"Chính sách hủy phòng cụ thể là: hoàn 100% nếu hủy trước 7 ngày, hoàn 50% nếu hủy từ 3-7 ngày và mất cọc nếu hủy dưới 3 ngày trước khi nhận phòng ạ."
KhachSan_LichSu_GioiThieu,StarStay Hotel có bãi đỗ xe cho khách lưu trú không?,Khách sạn có khu vực đỗ xe miễn phí và rộng rãi dành cho cả xe ô tô và xe máy của Quý khách ạ.
AmThuc_DacSan_DaNang,Khách sạn StarStay có phục vụ các món đặc sản Đà Nẵng không?,"Dạ, tại nhà hàng của StarStay Hotel phục vụ bữa sáng buffet với đa dạng món ăn, bao gồm một số món đặc sản địa phương. Ngoài ra, lễ tân của chúng tôi luôn sẵn lòng tư vấn cho Quý khách những địa điểm thưởng thức đặc sản Đà Nẵng ngon nhất gần khu vực khách sạn ạ."
AmThuc_DacSan_DaNang,"Tôi muốn thưởng thức mì Quảng đúng vị tại Đà Nẵng, khách sạn có thể gợi ý quán nào không?","Dạ, mì Quảng là món đặc sản rất nổi tiếng tại Đà Nẵng. Quý khách có thể ghé các quán lâu đời ở khu vực trung tâm hoặc nhờ lễ tân gọi taxi để di chuyển đến những địa chỉ uy tín nhất. Quý khách vui lòng liên hệ hotline 0236 999 8888 để chúng tôi hỗ trợ đặt xe nhé."
AmThuc_DacSan_DaNang,Ăn hải sản ở đâu gần khách sạn StarStay thì tươi ngon và giá cả hợp lý?,"Dạ, vì khách sạn tọa lạc tại 123 Võ Nguyên Giáp, rất gần bãi biển Mỹ Khê nên xung quanh có rất nhiều nhà hàng hải sản tươi sống. Quý khách có thể đi bộ hoặc đi taxi khoảng 5 phút là đến các khu vực ẩm thực biển nổi tiếng. Nhân viên lễ tân sẽ cung cấp danh sách quán uy tín khi Quý khách nhận phòng ạ."
AmThuc_DacSan_DaNang,"Tôi muốn ăn thử bánh tráng cuốn thịt heo, từ khách sạn đi bao xa thì có quán ngon?","Dạ, bánh tráng cuốn thịt heo là đặc sản không thể bỏ qua tại Đà Nẵng. Quý khách chỉ mất khoảng 10 đến 15 phút di chuyển bằng taxi để đến các quán nổi tiếng trong thành phố. Nếu cần hỗ trợ đặt xe hoặc chỉ đường, Quý khách hãy gọi ngay số 0236 999 8888 nhé."
AmThuc_DacSan_DaNang,Khu vực gần khách sạn có bán món bún chả cá không?,"Dạ có ạ. Khu vực quận Ngũ Hành Sơn và các tuyến đường lân cận khách sạn có rất nhiều quán bún chả cá thơm ngon, đặc biệt là vào buổi sáng. Quý khách có thể hỏi trực tiếp tại quầy lễ tân để được hướng dẫn đến quán gần nhất nhé."
AmThuc_DacSan_DaNang,"Tôi muốn mua đặc sản Đà Nẵng về làm quà, tôi nên đến đâu?","Dạ, Quý khách nên ghé Chợ Hàn, cách khách sạn khoảng 15 phút đi taxi. Đây là nơi tập trung rất nhiều đặc sản như chả bò, mực rim me, bánh khô mè. Lễ tân của chúng tôi luôn sẵn sàng hỗ trợ Quý khách gọi xe 24/7 ạ."
AmThuc_DacSan_DaNang,Khách sạn có dịch vụ đặt bàn tại các nhà hàng đặc sản cho khách lưu trú không?,"Dạ, lễ tân StarStay Hotel rất sẵn lòng hỗ trợ Quý khách đặt bàn tại các nhà hàng uy tín. Quý khách chỉ cần cho chúng tôi biết nhu cầu hoặc món ăn mình muốn thưởng thức, chúng tôi sẽ tư vấn và đặt chỗ giúp Quý khách ạ."
AmThuc_DacSan_DaNang,Có thể tìm thấy món bánh xèo Đà Nẵng ở đâu gần khách sạn StarStay?,"Dạ, bánh xèo Đà Nẵng là món ăn đường phố rất hấp dẫn. Quý khách có thể dễ dàng tìm thấy các quán ngon bằng cách di chuyển vào trung tâm thành phố hoặc khu vực gần cầu Rồng bằng taxi chỉ trong 15 phút ạ."
AmThuc_DacSan_DaNang,Tôi muốn ăn sáng các món đặc sản địa phương thay vì buffet tại khách sạn có được không?,"Dạ hoàn toàn được ạ. Dù buffet sáng tại khách sạn phục vụ từ 6:30 đến 10:00 rất đầy đủ, nhưng nếu Quý khách muốn trải nghiệm văn hóa ẩm thực đường phố, chúng tôi luôn có danh sách các quán ăn đặc sản ngon quanh khu vực khách sạn để gợi ý cho Quý khách."
AmThuc_DacSan_DaNang,Các món đặc sản Đà Nẵng có an toàn vệ sinh không?,"Dạ, Đà Nẵng là thành phố du lịch nên các quán ăn đặc sản nổi tiếng đều được kiểm soát khá tốt về vệ sinh. Tuy nhiên, để đảm bảo an toàn, Quý khách nên ưu tiên những địa chỉ uy tín mà lễ tân StarStay Hotel gợi ý cho Quý khách ạ."
AmThuc_CaPhe_QuanBar,Khách sạn StarStay có phục vụ buffet sáng không?,"Dạ có, StarStay Hotel phục vụ buffet sáng tại nhà hàng từ 06:30 đến 10:00 hàng ngày ạ."
AmThuc_CaPhe_QuanBar,Giá ăn sáng buffet cho khách lưu trú là bao nhiêu?,"Nếu Quý khách đặt phòng Tiêu chuẩn, giá buffet sáng là 150.000 đồng một người ạ. Đối với hạng phòng Cao cấp trở lên, dịch vụ ăn sáng đã được bao gồm trong giá phòng rồi ạ."
AmThuc_CaPhe_QuanBar,Tôi muốn biết khách sạn có nhà hàng hay quán bar phục vụ đồ uống không?,"Dạ, StarStay Hotel có không gian ẩm thực và bar phục vụ đa dạng các loại đồ uống, cocktail cũng như các món ăn nhẹ để Quý khách thư giãn ạ."
AmThuc_CaPhe_QuanBar,Thời gian phục vụ ăn sáng bắt đầu từ mấy giờ?,"Dạ, nhà hàng của khách sạn bắt đầu phục vụ buffet sáng từ 06:30 và kết thúc vào lúc 10:00 ạ."
AmThuc_CaPhe_QuanBar,Tôi có thể gọi đồ ăn lên phòng không?,"Dạ được ạ, Quý khách có thể liên hệ lễ tân qua số hotline 0236 999 8888 để được hỗ trợ gọi món và phục vụ tận phòng ạ."
AmThuc_CaPhe_QuanBar,Khách sạn có phục vụ các món đặc sản Đà Nẵng không?,"Dạ, thực đơn của chúng tôi có phục vụ một số món đặc sản nổi tiếng như mì Quảng, bánh xèo để Quý khách trải nghiệm hương vị địa phương ngay tại khách sạn ạ."
AmThuc_CaPhe_QuanBar,Quán bar ở khách sạn mở cửa đến mấy giờ?,"Dạ, quán bar của chúng tôi phục vụ đến khuya để Quý khách có không gian thư giãn. Quý khách vui lòng liên hệ lễ tân 0236 999 8888 để biết khung giờ chính xác trong ngày hôm nay ạ."
AmThuc_CaPhe_QuanBar,"Tôi muốn tổ chức một buổi tối lãng mạn, khách sạn có hỗ trợ không?",Dạ rất sẵn lòng ạ. Quý khách vui lòng liên hệ hotline 0236 999 8888 để đội ngũ chúng tôi tư vấn và sắp xếp không gian ẩm thực phù hợp nhất cho Quý khách ạ.
AmThuc_CaPhe_QuanBar,Gần khách sạn có quán cà phê hay địa điểm ăn uống nào ngon không?,"Dạ, khu vực quanh khách sạn tại đường Võ Nguyên Giáp có rất nhiều quán cà phê và nhà hàng hải sản nổi tiếng. Lễ tân rất vui lòng tư vấn các địa điểm phù hợp với khẩu vị của Quý khách ạ."
AmThuc_CaPhe_QuanBar,"Tôi bị dị ứng với một số loại thực phẩm, nhà hàng có lưu ý không?","Dạ, Quý khách vui lòng thông báo trước với nhân viên nhà hàng hoặc lễ tân về yêu cầu ăn kiêng hoặc dị ứng để chúng tôi phục vụ bữa ăn an toàn nhất cho Quý khách ạ."
AmThuc_QuanAnGanKhachSan,Khách sạn StarStay có nhà hàng phục vụ ăn uống không?,"Thưa Quý khách, hiện tại khách sạn chúng tôi phục vụ buffet sáng tại tầng nhà hàng từ 6:30 đến 10:00 hàng ngày. Các bữa ăn trưa và tối, Quý khách có thể lựa chọn các nhà hàng hải sản hoặc quán ăn đặc sản nổi tiếng chỉ cách khách sạn vài phút di chuyển ạ."
AmThuc_QuanAnGanKhachSan,Xung quanh khách sạn có quán ăn đặc sản Đà Nẵng nào ngon không?,"Dạ, khu vực gần khách sạn StarStay có rất nhiều quán đặc sản như mì Quảng, bún chả cá và bánh tráng cuốn thịt heo rất nổi tiếng. Lễ tân của chúng tôi luôn sẵn sàng gợi ý và hướng dẫn Quý khách địa chỉ các quán ăn uy tín nhất gần đây ạ."
AmThuc_QuanAnGanKhachSan,Tôi muốn thưởng thức hải sản tươi sống gần khách sạn thì đi đâu?,"Dạ, khu vực đường Võ Nguyên Giáp gần khách sạn tập trung rất nhiều nhà hàng hải sản tươi sống chất lượng. Quý khách vui lòng liên hệ hotline 0236 999 8888 để nhân viên lễ tân hỗ trợ đặt bàn hoặc gọi xe giúp Quý khách nhé."
AmThuc_QuanAnGanKhachSan,Có quán ăn bình dân nào gần khách sạn StarStay không?,"Dạ có ạ, chỉ cách khách sạn vài trăm mét là các khu phố có nhiều quán ăn bình dân phục vụ các món đặc sản địa phương với giá cả rất phải chăng. Quý khách có thể đi bộ hoặc gọi xe công nghệ để thuận tiện di chuyển ạ."
AmThuc_QuanAnGanKhachSan,Từ khách sạn tôi có thể đi bộ đến quán ăn nào gần nhất?,"Dạ, ngay trên trục đường Võ Nguyên Giáp và các con phố lân cận có rất nhiều quán ăn và nhà hàng chỉ cách khách sạn khoảng 5 phút đi bộ. Nếu Quý khách cần danh sách cụ thể theo khẩu vị, hãy liên hệ lễ tân để được tư vấn ạ."
AmThuc_QuanAnGanKhachSan,Tôi muốn ăn mì Quảng thì cần đi bao xa từ khách sạn?,"Dạ, các quán mì Quảng ngon nổi tiếng tại Đà Nẵng nằm cách khách sạn chỉ từ 5 đến 10 phút đi taxi thôi ạ. Quý khách có thể yêu cầu lễ tân gọi xe hoặc đặt qua các ứng dụng đặt đồ ăn trực tuyến rất nhanh chóng."
AmThuc_QuanAnGanKhachSan,Gần khách sạn có quán cà phê hay quán ăn sáng nào mở sớm không?,"Dạ, xung quanh khách sạn có nhiều quán cà phê và điểm ăn sáng mở cửa rất sớm từ 6 giờ. Tuy nhiên, Quý khách cũng có thể thưởng thức buffet sáng đa dạng ngay tại khách sạn chúng tôi từ 6:30 đến 10:00 ạ."
AmThuc_QuanAnGanKhachSan,Tôi có thể đặt đồ ăn về phòng tại StarStay Hotel không?,"Dạ, Quý khách hoàn toàn có thể đặt đồ ăn từ các quán bên ngoài về khách sạn. Nhân viên an ninh tại sảnh sẽ hỗ trợ Quý khách nhận đồ ăn từ shipper một cách nhanh chóng và thuận tiện ạ."
AmThuc_QuanAnGanKhachSan,Khách sạn có danh sách các quán ăn được khách hàng đánh giá cao không?,"Dạ, chúng tôi luôn cập nhật danh sách các quán ăn và nhà hàng được thực khách yêu thích nhất tại Đà Nẵng. Quý khách vui lòng liên hệ quầy lễ tân hoặc gọi hotline 0236 999 8888 để nhận tư vấn phù hợp với nhu cầu ăn uống của mình ạ."
AmThuc_QuanAnGanKhachSan,"Tôi muốn tìm quán bánh xèo hoặc bánh tráng cuốn thịt heo gần đây, khách sạn có gợi ý giúp tôi được không?","Dạ vâng, đây là những món đặc sản rất nổi tiếng tại Đà Nẵng. Lễ tân của chúng tôi sẽ cung cấp địa chỉ những quán ăn lâu đời và đảm bảo vệ sinh nhất gần khu vực Ngũ Hành Sơn để Quý khách có trải nghiệm ẩm thực trọn vẹn ạ."
AmThuc_QuanAnGanKhachSan,Nếu tôi muốn đi chợ Hàn để ăn uống thì mất bao lâu từ khách sạn?,"Dạ, từ khách sạn StarStay đến chợ Hàn mất khoảng 15 phút di chuyển bằng taxi. Đây là địa điểm lý tưởng để Quý khách thưởng thức rất nhiều món đặc sản địa phương với giá cả rất hợp lý ạ."
AmThuc_QuanAnGanKhachSan,Có quán ăn nào gần khách sạn phù hợp cho gia đình có trẻ nhỏ không?,"Dạ, chúng tôi có danh sách các nhà hàng có không gian rộng rãi, thoáng mát và thực đơn phù hợp cho trẻ em gần khách sạn. Quý khách hãy cho lễ tân biết nhu cầu để chúng tôi hỗ trợ đặt chỗ tốt nhất ạ."
AmThuc_QuanAnGanKhachSan,Lễ tân có hỗ trợ đặt chỗ trước tại các nhà hàng nổi tiếng ở Đà Nẵng không?,"Dạ có ạ, lễ tân của chúng tôi luôn sẵn lòng hỗ trợ Quý khách liên hệ đặt bàn tại các nhà hàng nổi tiếng để tránh tình trạng hết chỗ, đặc biệt là vào cuối tuần. Quý khách vui lòng báo trước với lễ tân nhé."
AmThuc_QuanAnGanKhachSan,Giá ăn sáng buffet tại khách sạn là bao nhiêu nếu tôi không đặt kèm phòng?,"Dạ, giá buffet sáng tại khách sạn là 150.000 đồng/người. Đặc biệt, nếu Quý khách đặt hạng phòng Cao cấp trở lên thì bữa sáng buffet đã được bao gồm trong giá phòng rồi ạ."
MuaSam_ChoCon_HanMarket,Từ khách sạn StarStay tôi có thể đến Chợ Hàn bằng cách nào?,"Chợ Hàn cách khách sạn khoảng 7km. Quý khách có thể dễ dàng di chuyển bằng taxi hoặc Grab với thời gian khoảng 15 phút, hoặc liên hệ lễ tân để được hỗ trợ gọi xe ạ."
MuaSam_ChoCon_HanMarket,Chi phí đi taxi từ khách sạn đến Chợ Hàn khoảng bao nhiêu?,"Quãng đường từ khách sạn đến Chợ Hàn là 7km, chi phí taxi thường dao động trong khoảng từ 100.000đ đến 150.000đ tùy thuộc vào loại xe và hãng xe Quý khách lựa chọn ạ."
MuaSam_ChoCon_HanMarket,Tôi muốn mua đặc sản Đà Nẵng làm quà thì nên đến Chợ Hàn hay ở đâu?,"Chợ Hàn là địa điểm nổi tiếng nhất để mua sắm đặc sản Đà Nẵng như hải sản khô, bánh kẹo và quà lưu niệm. Nếu cần thêm tư vấn về các địa điểm mua sắm khác, Quý khách vui lòng liên hệ hotline 0236 999 8888 để được hỗ trợ ạ."
MuaSam_ChoCon_HanMarket,Chợ Hàn có mở cửa vào buổi tối không?,"Chợ Hàn thường hoạt động nhộn nhịp nhất vào ban ngày từ sáng sớm đến chiều tối. Nếu Quý khách cần thông tin cụ thể về giờ đóng cửa của các gian hàng, lễ tân khách sạn luôn sẵn sàng hỗ trợ Quý khách 24/7 ạ."
MuaSam_ChoCon_HanMarket,Tôi có thể thuê xe máy tại khách sạn để tự đi tham quan Chợ Hàn được không?,"Dạ được ạ, khách sạn có dịch vụ cho thuê xe máy với giá 150.000đ/ngày. Quý khách có thể chủ động di chuyển đến Chợ Hàn hoặc bất kỳ địa điểm nào trong thành phố một cách thuận tiện nhất."
MuaSam_ChoCon_HanMarket,Ở gần khách sạn StarStay có khu chợ nào gần hơn Chợ Hàn không?,"StarStay Hotel nằm tại đường Võ Nguyên Giáp, gần bãi biển Mỹ Khê. Chợ Hàn là trung tâm mua sắm lớn cách đó 7km. Nếu Quý khách cần tìm các cửa hàng tiện lợi hoặc siêu thị mini gần khách sạn, nhân viên lễ tân sẽ chỉ dẫn cho Quý khách ạ."
MuaSam_ChoCon_HanMarket,Khi đi mua sắm tại Chợ Hàn tôi cần lưu ý điều gì?,"Tại Chợ Hàn, Quý khách nên hỏi giá và mặc cả trước khi mua hàng. Nếu Quý khách cần hỗ trợ thêm thông tin hoặc cần gọi taxi để di chuyển an toàn, vui lòng gọi hotline 0236 999 8888 để khách sạn hỗ trợ ạ."
MuaSam_ChoCon_HanMarket,Tôi muốn biết thời gian di chuyển bằng xe máy từ khách sạn đến Chợ Hàn là bao lâu?,"Từ khách sạn, Quý khách sẽ mất khoảng 15 đến 20 phút đi xe máy để đến Chợ Hàn. Đường đi rất thuận tiện, Quý khách có thể hỏi lễ tân để được hướng dẫn cung đường nhanh nhất ạ."
MuaSam_ChoCon_HanMarket,Khách sạn có dịch vụ đưa đón khách đi mua sắm tại Chợ Hàn không?,"Hiện tại khách sạn chưa có xe đưa đón riêng đến Chợ Hàn, tuy nhiên lễ tân luôn sẵn lòng hỗ trợ Quý khách đặt xe taxi hoặc Grab nhanh chóng bất cứ lúc nào ạ."
MuaSam_ChoCon_HanMarket,Tôi có thể tìm thấy các món đặc sản như bún chả cá hay bánh tráng cuốn thịt heo gần Chợ Hàn không?,"Dạ có ạ, xung quanh khu vực Chợ Hàn có rất nhiều quán ăn đặc sản Đà Nẵng nổi tiếng. Quý khách có thể kết hợp việc mua sắm và thưởng thức ẩm thực địa phương tại khu vực này rất thuận tiện ạ."
DiaDiem_NguHanhSon,Khách sạn StarStay có gần danh thắng Ngũ Hành Sơn không?,"Thưa Quý khách, khách sạn StarStay nằm tại số 123 Võ Nguyên Giáp, quận Ngũ Hành Sơn. Từ khách sạn, Quý khách chỉ mất khoảng 5 phút đi taxi để di chuyển tới danh thắng Ngũ Hành Sơn ạ."
DiaDiem_NguHanhSon,Khoảng cách từ StarStay Hotel đến Ngũ Hành Sơn là bao xa?,"Chào Quý khách, khách sạn StarStay cách danh thắng Ngũ Hành Sơn khoảng 2 km. Quý khách có thể dễ dàng di chuyển đến đó bằng taxi hoặc xe máy chỉ trong vòng 5 phút ạ."
DiaDiem_NguHanhSon,Tôi muốn đi tham quan Ngũ Hành Sơn thì nên chọn phương tiện gì từ khách sạn?,"Thưa Quý khách, vì khoảng cách chỉ 2 km, Quý khách có thể sử dụng dịch vụ taxi (Mai Linh, Vinasun) hoặc đặt Grab. Ngoài ra, khách sạn có dịch vụ cho thuê xe máy với giá 150.000 đồng/ngày để Quý khách thuận tiện tham quan ạ."
DiaDiem_NguHanhSon,Thời gian di chuyển từ StarStay đến Ngũ Hành Sơn mất bao lâu?,"Dạ, với quãng đường 2 km, Quý khách sẽ mất khoảng 5 phút di chuyển bằng taxi hoặc ô tô để đến được danh thắng Ngũ Hành Sơn ạ."
DiaDiem_NguHanhSon,Tôi có thể đi bộ từ khách sạn đến Ngũ Hành Sơn được không?,"Thưa Quý khách, khoảng cách là 2 km, tuy nhiên vì thời tiết Đà Nẵng có thể khá nắng, chúng tôi khuyến khích Quý khách nên di chuyển bằng taxi hoặc xe máy để đảm bảo sức khỏe cho chuyến tham quan ạ."
DiaDiem_NguHanhSon,Lễ tân có hỗ trợ đặt vé tham quan Ngũ Hành Sơn giúp tôi không?,"Dạ có, bộ phận Lễ tân của StarStay luôn sẵn lòng hỗ trợ Quý khách thông tin về vé tham quan và hướng dẫn lộ trình di chuyển tới Ngũ Hành Sơn. Quý khách vui lòng liên hệ quầy lễ tân hoặc gọi hotline 0236 999 8888 để được hỗ trợ ạ."
DiaDiem_NguHanhSon,Có xe buýt công cộng nào đi từ khách sạn tới Ngũ Hành Sơn không?,"Thưa Quý khách, tại Đà Nẵng có hệ thống xe buýt công cộng, tuy nhiên với khoảng cách gần (2 km), taxi hoặc xe máy sẽ là lựa chọn nhanh chóng và linh hoạt nhất cho Quý khách ạ."
DiaDiem_NguHanhSon,Khách sạn có dịch vụ đưa đón khách đến các điểm tham quan như Ngũ Hành Sơn không?,"Dạ, hiện tại khách sạn có dịch vụ đưa đón sân bay. Đối với các điểm tham quan nội thành như Ngũ Hành Sơn, Quý khách có thể sử dụng taxi hoặc thuê xe máy tại khách sạn để chủ động thời gian ạ."
DiaDiem_NguHanhSon,Ngũ Hành Sơn có mở cửa đón khách vào cuối tuần không?,"Thưa Quý khách, danh thắng Ngũ Hành Sơn mở cửa đón khách tất cả các ngày trong tuần. Quý khách có thể yên tâm lên kế hoạch tham quan vào bất kỳ thời điểm nào ạ."
DiaDiem_NguHanhSon,Tôi nên đi tham quan Ngũ Hành Sơn vào thời điểm nào trong ngày là đẹp nhất?,"Chào Quý khách, để có trải nghiệm tốt nhất, Quý khách nên đi vào buổi sáng sớm hoặc chiều mát để tránh nắng gắt, giúp việc leo núi và tham quan các hang động thuận tiện hơn ạ."
DiaDiem_NguHanhSon,Khách sạn nằm ở quận nào tại Đà Nẵng?,"Khách sạn StarStay tọa lạc tại số 123 Võ Nguyên Giáp, phường Khuê Mỹ, quận Ngũ Hành Sơn, thành phố Đà Nẵng. Đây là vị trí rất thuận lợi để Quý khách di chuyển đến các điểm tham quan nổi tiếng ạ."
DiaDiem_NguHanhSon,Từ khách sạn có thể nhìn thấy danh thắng Ngũ Hành Sơn không?,"Thưa Quý khách, khách sạn chúng tôi nằm gần biển Mỹ Khê và danh thắng Ngũ Hành Sơn. Tùy vào vị trí phòng, Quý khách có thể ngắm nhìn khung cảnh thành phố và hướng biển rất đẹp ạ."
DiaDiem_NguHanhSon,Xung quanh khu vực Ngũ Hành Sơn gần khách sạn có món ăn đặc sản nào ngon?,"Dạ, gần khu vực Ngũ Hành Sơn và trên đường Võ Nguyên Giáp có rất nhiều quán hải sản tươi sống và các món đặc sản như mì Quảng, bánh tráng cuốn thịt heo. Quý khách có thể nhờ Lễ tân tư vấn thêm các địa điểm uy tín ạ."
DiaDiem_NguHanhSon,Tôi muốn biết giá vé tham quan Ngũ Hành Sơn hiện tại là bao nhiêu?,"Dạ, giá vé tham quan thường thay đổi theo quy định của ban quản lý danh thắng. Quý khách vui lòng liên hệ trực tiếp tại quầy Lễ tân, chúng tôi sẽ cập nhật thông tin chính xác nhất cho Quý khách ạ."
DiaDiem_NguHanhSon,Nếu tôi đi nhóm đông người thì có phương tiện nào phù hợp để đi Ngũ Hành Sơn từ khách sạn?,"Thưa Quý khách, nếu đi nhóm đông, Quý khách có thể đặt taxi 7 chỗ thông qua Lễ tân. Chúng tôi luôn sẵn lòng hỗ trợ gọi xe để Quý khách có chuyến đi thoải mái nhất ạ."
DiaDiem_CauRong,Từ khách sạn StarStay tôi có thể đi xem Cầu Rồng bằng cách nào?,Quý khách có thể dễ dàng di chuyển từ StarStay Hotel đến Cầu Rồng bằng taxi hoặc Grab. Thời gian di chuyển chỉ mất khoảng 15 phút cho quãng đường 6km ạ.
DiaDiem_CauRong,Khách sạn có gần Cầu Rồng không?,"Khách sạn chúng tôi tọa lạc tại 123 Võ Nguyên Giáp, cách Cầu Rồng khoảng 6km. Quý khách chỉ mất tầm 15 phút đi xe để đến tham quan địa điểm này ạ."
DiaDiem_CauRong,Tôi muốn đi xem Cầu Rồng phun lửa thì nên đi vào lúc nào?,Cầu Rồng thường phun lửa và nước vào cuối tuần (thứ Bảy và Chủ Nhật) lúc 21:00. Quý khách nên di chuyển từ khách sạn trước khoảng 30 phút để chọn được vị trí xem đẹp nhất ạ.
DiaDiem_CauRong,Chi phí đi taxi từ StarStay Hotel đến Cầu Rồng khoảng bao nhiêu?,"Quãng đường từ khách sạn đến Cầu Rồng khoảng 6km, chi phí taxi hoặc Grab sẽ dao động tùy vào loại xe và thời điểm, thường rơi vào khoảng 80.000đ - 120.000đ ạ."
DiaDiem_CauRong,Tôi muốn thuê xe máy để tự lái đi xem Cầu Rồng có được không?,Dạ được ạ. Khách sạn có dịch vụ cho thuê xe máy với giá 150.000đ/ngày. Quý khách có thể liên hệ lễ tân để được hỗ trợ thủ tục thuê xe nhanh chóng ạ.
DiaDiem_CauRong,Có phương tiện công cộng nào đi từ khách sạn đến Cầu Rồng không?,"Tại Đà Nẵng có hệ thống xe buýt công cộng, tuy nhiên để thuận tiện và tiết kiệm thời gian nhất cho việc đi xem Cầu Rồng, chúng tôi khuyến khích Quý khách sử dụng taxi hoặc Grab ạ."
DiaDiem_CauRong,Khách sạn có hỗ trợ đặt tour đi xem Cầu Rồng không?,"Chúng tôi không tổ chức tour đi xem Cầu Rồng riêng lẻ, nhưng lễ tân luôn sẵn sàng hỗ trợ Quý khách gọi taxi hoặc hướng dẫn lộ trình di chuyển thuận tiện nhất ạ."
DiaDiem_CauRong,Tôi đi xe đạp từ StarStay đến Cầu Rồng có xa không?,"Quãng đường là 6km, nếu Quý khách yêu thích vận động thì có thể đạp xe dọc theo đường biển. Tuy nhiên, thời tiết Đà Nẵng có thể khá nóng, Quý khách nên cân nhắc phương tiện phù hợp ạ."
DiaDiem_CauRong,Lễ tân có thể giúp tôi gọi taxi đi Cầu Rồng vào buổi tối không?,Dạ chắc chắn rồi ạ. Lễ tân của chúng tôi trực 24/7 và luôn sẵn sàng hỗ trợ đặt taxi cho Quý khách bất cứ lúc nào.
DiaDiem_CauRong,"Ngoài Cầu Rồng, gần đó có địa điểm nào khác để tham quan không?","Gần khu vực Cầu Rồng, Quý khách có thể kết hợp tham quan Chợ Hàn cách đó không xa, hoặc đi dạo dọc đường Bạch Đằng ngắm cảnh sông Hàn về đêm rất đẹp ạ."
MuaSam_SieuThi_TTTM,Khách sạn có gần các trung tâm mua sắm hay siêu thị lớn nào không?,"Dạ, StarStay Hotel tọa lạc tại vị trí thuận lợi. Quý khách có thể dễ dàng di chuyển đến Chợ Hàn cách đó khoảng 7km (khoảng 15 phút đi taxi) để mua sắm đặc sản địa phương ạ."
MuaSam_SieuThi_TTTM,Tôi muốn mua quà lưu niệm và đặc sản Đà Nẵng thì nên đi đâu gần khách sạn?,"Dạ, nếu muốn mua đặc sản như chả bò, bánh khô mè hay hải sản khô, Quý khách có thể ghé Chợ Hàn hoặc các cửa hàng đặc sản dọc đường Võ Nguyên Giáp. Lễ tân của chúng tôi luôn sẵn lòng tư vấn địa chỉ uy tín cho Quý khách ạ."
MuaSam_SieuThi_TTTM,Xung quanh StarStay Hotel có cửa hàng tiện lợi nào mở cửa 24/7 không?,"Dạ, xung quanh khu vực đường Võ Nguyên Giáp có nhiều cửa hàng tiện lợi hoạt động 24/7. Quý khách có thể hỏi nhân viên lễ tân trực tại quầy để được hướng dẫn cửa hàng gần nhất ạ."
MuaSam_SieuThi_TTTM,Tôi có thể mua hải sản tươi sống ở đâu gần khách sạn?,"Dạ, Quý khách có thể ghé các chợ hải sản hoặc các vựa hải sản gần khu vực quận Ngũ Hành Sơn. Quý khách vui lòng liên hệ hotline 0236 999 8888 để lễ tân hỗ trợ gọi taxi hoặc hướng dẫn đường đi cụ thể ạ."
MuaSam_SieuThi_TTTM,Có trung tâm thương mại nào lớn gần khách sạn để tôi đi dạo và mua sắm không?,"Dạ, từ khách sạn Quý khách có thể di chuyển bằng taxi khoảng 15-20 phút để đến các trung tâm thương mại lớn tại trung tâm thành phố Đà Nẵng. Tại đó có đầy đủ các nhãn hàng thời trang, khu vui chơi và siêu thị ạ."
MuaSam_SieuThi_TTTM,"Tôi muốn mua sắm quần áo đi biển, khách sạn có gợi ý địa điểm nào gần đây không?","Dạ, các cửa hàng bán đồ bơi và phụ kiện đi biển tập trung khá nhiều dọc theo các tuyến đường gần bãi biển Mỹ Khê, cách khách sạn chỉ khoảng 500m. Quý khách đi bộ khoảng 5 phút là sẽ thấy rất nhiều lựa chọn ạ."
MuaSam_SieuThi_TTTM,Khách sạn có dịch vụ hỗ trợ đặt xe đưa tôi đi mua sắm tại các chợ không?,"Dạ có ạ, khách sạn luôn hỗ trợ gọi taxi hoặc xe dịch vụ để Quý khách di chuyển thuận tiện đến các khu mua sắm. Quý khách chỉ cần liên hệ lễ tân tại sảnh hoặc gọi 0236 999 8888 để được phục vụ ạ."
MuaSam_SieuThi_TTTM,Tôi muốn mua thuốc hoặc đồ dùng cá nhân khẩn cấp vào ban đêm thì tìm ở đâu?,"Dạ, gần khách sạn có các nhà thuốc và cửa hàng tiện lợi hoạt động xuyên đêm. Quý khách có thể liên hệ lễ tân 24/7 để được cung cấp thông tin hoặc hỗ trợ tìm kiếm địa chỉ gần nhất ạ."
MuaSam_SieuThi_TTTM,Khách sạn có cung cấp bản đồ các khu vực mua sắm tại Đà Nẵng không?,"Dạ, chúng tôi có sẵn bản đồ du lịch bao gồm các trung tâm thương mại và chợ truyền thống nổi tiếng. Quý khách vui lòng ghé quầy lễ tân để nhận bản đồ miễn phí ạ."
MuaSam_SieuThi_TTTM,Việc di chuyển từ khách sạn đến các siêu thị lớn có thuận tiện không?,"Dạ rất thuận tiện ạ. Quý khách có thể sử dụng Grab, taxi Mai Linh hoặc Vinasun để di chuyển đến các siêu thị lớn trong thành phố chỉ trong vòng 15-20 phút ạ."
AmThuc_MonChay,Khách sạn StarStay có phục vụ các món chay không?,"Dạ, nhà hàng tại StarStay Hotel luôn sẵn sàng phục vụ thực đơn chay đa dạng, tươi ngon để đáp ứng nhu cầu ẩm thực của Quý khách ạ."
AmThuc_MonChay,"Tôi ăn chay trường, liệu bữa sáng buffet tại khách sạn có đủ món cho tôi không?","Dạ, buffet sáng của chúng tôi luôn có các món rau củ, trái cây, salad và các món chay nóng được chế biến riêng. Nếu Quý khách cần hỗ trợ đặc biệt, xin vui lòng báo trước với nhân viên lễ tân ạ."
AmThuc_MonChay,"Tôi muốn đặt thực đơn chay cho bữa trưa tại phòng, khách sạn có hỗ trợ không?",Dạ có ạ. Quý khách vui lòng liên hệ hotline 0236 999 8888 để bộ phận nhà hàng tư vấn thực đơn chay và phục vụ tận phòng cho Quý khách nhé.
AmThuc_MonChay,Các món chay tại StarStay có sử dụng nguyên liệu từ thực phẩm tươi sống địa phương không?,"Dạ, chúng tôi ưu tiên sử dụng nguồn nguyên liệu rau củ sạch, tươi ngon tại địa phương Đà Nẵng để chế biến các món chay, đảm bảo dinh dưỡng và sức khỏe cho Quý khách ạ."
AmThuc_MonChay,"Tôi bị dị ứng với một số loại hạt khi ăn chay, tôi cần liên hệ ai để trao đổi về thực đơn?","Dạ, Quý khách hãy thông báo ngay với nhân viên lễ tân hoặc gọi trực tiếp đến số 0236 999 8888. Chúng tôi sẽ ghi chú kỹ lưỡng với bộ phận bếp để đảm bảo bữa ăn của Quý khách được an toàn và ngon miệng nhất ạ."
AmThuc_MonChay,Khách sạn có cung cấp thực đơn chay theo yêu cầu riêng cho đoàn khách không?,Dạ có ạ. StarStay Hotel rất sẵn lòng thiết kế thực đơn chay riêng theo yêu cầu của đoàn. Quý khách vui lòng liên hệ sớm với lễ tân để chúng tôi chuẩn bị chu đáo nhất ạ.
AmThuc_MonChay,Giá các món chay trong thực đơn nhà hàng có đắt hơn món mặn không?,"Dạ, giá các món chay tại khách sạn chúng tôi rất hợp lý và tương đương với các món ăn thông thường, tùy thuộc vào nguyên liệu và cách chế biến ạ."
AmThuc_MonChay,Tôi muốn biết danh sách cụ thể các món chay có trong thực đơn hôm nay?,"Dạ, thực đơn chay tại nhà hàng được thay đổi linh hoạt hàng ngày. Quý khách vui lòng liên hệ lễ tân hoặc trực tiếp tại nhà hàng để nhân viên cung cấp thực đơn chi tiết nhất ạ."
AmThuc_MonChay,Liệu tôi có thể yêu cầu đầu bếp làm món chay theo khẩu vị cá nhân không?,"Dạ, đầu bếp của chúng tôi rất sẵn lòng lắng nghe và chế biến món chay theo yêu cầu riêng của Quý khách để đảm bảo Quý khách có trải nghiệm ẩm thực ưng ý nhất tại StarStay ạ."
AmThuc_MonChay,"Nếu tôi không đặt buffet sáng, tôi có thể gọi món chay riêng tại nhà hàng không?",Dạ hoàn toàn được ạ. Quý khách có thể đến nhà hàng và gọi các món chay từ thực đơn A-la-carte bất cứ lúc nào trong giờ phục vụ ạ.
GiaoThong_TuSanBay_VeKhachSan,Tôi muốn biết làm thế nào để di chuyển từ sân bay Đà Nẵng về khách sạn StarStay?,"Quý khách có thể sử dụng dịch vụ đưa đón của khách sạn, taxi truyền thống (Mai Linh, Vinasun), hoặc đặt xe qua ứng dụng Grab. Khách sạn nằm cách sân bay khoảng 8km, mất khoảng 15 đến 20 phút di chuyển ạ."
GiaoThong_TuSanBay_VeKhachSan,Khách sạn StarStay có dịch vụ xe đón tại sân bay không?,Dạ có ạ. Khách sạn cung cấp dịch vụ đưa đón sân bay với mức giá 500.000 đồng/lượt cho xe 4 chỗ và 800.000 đồng/lượt cho xe 7 chỗ. Quý khách vui lòng liên hệ hotline 0236 999 8888 để đặt lịch trước nhé.
GiaoThong_TuSanBay_VeKhachSan,Chi phí đi taxi từ sân bay về khách sạn khoảng bao nhiêu?,"Quãng đường từ sân bay về khách sạn khoảng 8km, chi phí taxi thông thường dao động khoảng 120.000 đến 150.000 đồng tùy vào loại xe và hãng taxi ạ."
GiaoThong_TuSanBay_VeKhachSan,"Tôi đáp chuyến bay đến sân bay Đà Nẵng lúc nửa đêm, khách sạn có hỗ trợ đưa đón không?","Dạ, bộ phận lễ tân của khách sạn làm việc 24/7. Quý khách có thể đặt dịch vụ đưa đón của khách sạn qua hotline 0236 999 8888 bất cứ lúc nào để được hỗ trợ đón tận nơi ạ."
GiaoThong_TuSanBay_VeKhachSan,Nếu tôi dùng ứng dụng Grab từ sân bay về khách sạn thì có dễ dàng không?,"Dạ rất dễ dàng ạ. Tại sân bay Đà Nẵng có khu vực chờ dành riêng cho xe công nghệ. Quý khách chỉ cần đặt điểm đến là 123 Võ Nguyên Giáp, tài xế sẽ đưa Quý khách đến tận sảnh của khách sạn ạ."
GiaoThong_TuSanBay_VeKhachSan,Khách sạn có xe buýt công cộng nào đi từ sân bay đến gần khu vực Võ Nguyên Giáp không?,"Hiện tại Đà Nẵng có hệ thống xe buýt công cộng, tuy nhiên để thuận tiện và nhanh chóng nhất cho hành lý của Quý khách, chúng tôi khuyến khích Quý khách sử dụng taxi hoặc dịch vụ đưa đón riêng của khách sạn ạ."
GiaoThong_TuSanBay_VeKhachSan,Tôi muốn đặt xe đưa đón sân bay của khách sạn thì cần báo trước bao lâu?,"Để chúng tôi phục vụ tốt nhất, Quý khách vui lòng thông báo thời gian đáp chuyến bay và mã hiệu chuyến bay cho chúng tôi qua hotline 0236 999 8888 hoặc email info@starstay.vn trước ít nhất 12 tiếng ạ."
GiaoThong_TuSanBay_VeKhachSan,Khách sạn nằm ở địa chỉ nào để tôi chỉ đường cho tài xế taxi?,"Khách sạn StarStay tọa lạc tại số 123 Võ Nguyên Giáp, Phường Khuê Mỹ, Quận Ngũ Hành Sơn, Thành phố Đà Nẵng. Quý khách có thể đưa địa chỉ này cho tài xế, hoặc gọi hotline 0236 999 8888 nếu tài xế cần hỗ trợ chỉ đường ạ."
GiaoThong_TuSanBay_VeKhachSan,Dịch vụ đưa đón sân bay của khách sạn có bao gồm phí cầu đường không?,"Dạ, mức giá 500.000 đồng (xe 4 chỗ) và 800.000 đồng (xe 7 chỗ) đã bao gồm phí dịch vụ trọn gói. Quý khách không cần chi trả thêm bất kỳ khoản phí nào khác ạ."
GiaoThong_TuSanBay_VeKhachSan,"Tôi đi cùng gia đình 5 người, khách sạn có xe đưa đón sân bay phù hợp không?","Dạ có ạ. Chúng tôi có sẵn xe 7 chỗ với chi phí 800.000 đồng/lượt, rất phù hợp cho nhóm khách gia đình. Quý khách vui lòng liên hệ hotline 0236 999 8888 để đặt xe nhé."
GiaiTri_ChoDem_PhoDi_Bo,Khách sạn StarStay có gần các khu vui chơi giải trí về đêm tại Đà Nẵng không?,"Dạ, StarStay Hotel nằm tại vị trí đắc địa trên đường Võ Nguyên Giáp, rất thuận tiện để Quý khách di chuyển đến các khu vực giải trí sôi động. Quý khách chỉ mất khoảng 15 phút đi taxi để đến khu vực Cầu Rồng hoặc trung tâm thành phố nơi có nhiều hoạt động về đêm hấp dẫn ạ."
GiaiTri_ChoDem_PhoDi_Bo,Tại Đà Nẵng có phố đi bộ nào gần chỗ tôi ở không?,"Dạ, hiện tại Đà Nẵng có khu phố đi bộ An Thượng cách khách sạn khoảng 5-7 phút đi taxi hoặc xe máy. Đây là khu vực tập trung nhiều nhà hàng, quán bar và các dịch vụ giải trí về đêm rất sôi động dành cho du khách ạ."
GiaiTri_ChoDem_PhoDi_Bo,Tôi muốn đi dạo phố đêm thì nên di chuyển bằng phương tiện gì từ khách sạn?,"Để thuận tiện nhất khi đi dạo phố đêm, Quý khách có thể sử dụng dịch vụ taxi (Mai Linh/Vinasun) hoặc đặt xe qua ứng dụng Grab. Nếu Quý khách muốn tự do khám phá, khách sạn có sẵn dịch vụ cho thuê xe máy với giá 150.000 đồng/ngày ạ."
GiaiTri_ChoDem_PhoDi_Bo,Có địa điểm nào nhộn nhịp để uống bia hoặc nghe nhạc về đêm gần khách sạn StarStay không?,"Dạ, khu vực phố du lịch An Thượng gần khách sạn có rất nhiều quán bar, pub và các tụ điểm giải trí với âm nhạc sống động. Quý khách có thể nhờ lễ tân hỗ trợ gọi taxi hoặc tư vấn địa điểm cụ thể phù hợp với sở thích của mình nhé ạ."
GiaiTri_ChoDem_PhoDi_Bo,Tôi muốn đi xem Cầu Rồng phun lửa vào cuối tuần thì bắt xe như thế nào?,"Cầu Rồng cách khách sạn khoảng 6km. Quý khách nên di chuyển bằng taxi hoặc Grab, thời gian đi mất khoảng 15 phút. Quý khách nên xuất phát sớm trước 21:00 vào tối thứ Bảy và Chủ nhật để có vị trí đẹp xem cầu phun lửa ạ."
GiaiTri_ChoDem_PhoDi_Bo,Khách sạn có dịch vụ đặt tour đi Hội An vào buổi tối không?,"Dạ, khách sạn rất sẵn lòng hỗ trợ Quý khách đặt xe taxi hoặc tư vấn các tour tham quan Hội An buổi tối. Phố cổ Hội An cách khách sạn 25km, di chuyển mất khoảng 30 phút, rất phù hợp để Quý khách đi dạo phố đèn lồng và đi thuyền trên sông Hoài ạ."
GiaiTri_ChoDem_PhoDi_Bo,Có khu chợ đêm nào gần đây để tôi mua sắm và ăn uống không?,"Dạ, Đà Nẵng có các khu chợ đêm nổi tiếng như chợ đêm Sơn Trà (gần Cầu Rồng). Quý khách có thể đi taxi mất khoảng 15 phút từ khách sạn để đến đó thưởng thức hải sản và mua sắm quà lưu niệm ạ."
GiaiTri_ChoDem_PhoDi_Bo,Tôi muốn đi dạo biển vào ban đêm thì có an toàn không?,"Bãi biển Mỹ Khê chỉ cách khách sạn 500m (5 phút đi bộ). Khu vực này rất thoáng đãng và có nhiều dịch vụ giải trí ven biển. Tuy nhiên, Quý khách nên giữ gìn tư trang cá nhân và liên hệ hotline 0236 999 8888 nếu cần hỗ trợ bất cứ điều gì ạ."
GiaiTri_ChoDem_PhoDi_Bo,Nếu tôi về khách sạn muộn sau khi đi chơi đêm thì có bị giới hạn giờ giấc không?,"Dạ không ạ, khách sạn StarStay có lễ tân trực 24/7, vì vậy Quý khách hoàn toàn yên tâm có thể về khách sạn bất cứ lúc nào sau khi đi chơi đêm ạ."
GiaiTri_ChoDem_PhoDi_Bo,Có dịch vụ xe buýt công cộng nào đi qua các điểm vui chơi buổi tối không?,"Dạ, Đà Nẵng có hệ thống xe buýt công cộng nhưng dịch vụ này thường kết thúc sớm vào buổi tối. Để linh hoạt nhất cho việc đi chơi đêm, Quý khách nên sử dụng taxi, Grab hoặc thuê xe máy tại khách sạn ạ."
GiaoThong_ThueXeMay_XeDap,Khách sạn StarStay có cho thuê xe máy không?,"Dạ có, StarStay Hotel có cung cấp dịch vụ cho thuê xe máy để Quý khách thuận tiện tham quan Đà Nẵng với giá 150.000 đồng/ngày ạ."
GiaoThong_ThueXeMay_XeDap,Giá thuê xe máy tại khách sạn là bao nhiêu một ngày?,"Dạ, giá thuê xe máy tại StarStay Hotel là 150.000 đồng/ngày. Quý khách vui lòng liên hệ lễ tân để được hỗ trợ thủ tục nhận xe nhanh chóng ạ."
GiaoThong_ThueXeMay_XeDap,Nếu tôi muốn thuê xe đạp đi dạo thì chi phí là bao nhiêu?,"Dạ, phí thuê xe đạp tại khách sạn là 50.000 đồng/ngày ạ. Quý khách có thể liên hệ trực tiếp quầy lễ tân để được cung cấp xe bất cứ lúc nào."
GiaoThong_ThueXeMay_XeDap,Tôi cần liên hệ ai để thuê xe máy tại khách sạn?,Quý khách vui lòng liên hệ trực tiếp tại quầy lễ tân hoặc gọi hotline 0236 999 8888 để nhân viên hỗ trợ thủ tục thuê xe máy ngay cho Quý khách ạ.
GiaoThong_ThueXeMay_XeDap,Khách sạn có hỗ trợ đổ xăng cho xe máy thuê không?,"Dạ, xe máy khi bàn giao cho Quý khách thường sẽ có một lượng xăng cơ bản. Nếu cần hỗ trợ chỉ dẫn cây xăng gần nhất, nhân viên lễ tân của chúng tôi luôn sẵn sàng giúp đỡ ạ."
GiaoThong_ThueXeMay_XeDap,Việc thuê xe máy tại khách sạn có bao gồm mũ bảo hiểm không?,"Dạ có ạ, khi thuê xe máy tại StarStay Hotel, chúng tôi luôn cung cấp kèm mũ bảo hiểm đạt chuẩn để đảm bảo an toàn cho Quý khách trên mọi hành trình."
GiaoThong_ThueXeMay_XeDap,Tôi có thể thuê xe máy trong bao lâu?,"Quý khách có thể thuê xe máy theo ngày. Nếu có nhu cầu thuê dài hạn hoặc cần hỗ trợ thêm, Quý khách vui lòng trao đổi với lễ tân để được tư vấn chi tiết ạ."
GiaoThong_ThueXeMay_XeDap,Nếu xe máy bị hỏng trong lúc tôi thuê thì tôi phải làm sao?,"Trong trường hợp xe gặp sự cố, Quý khách vui lòng gọi ngay hotline 0236 999 8888. Chúng tôi sẽ nhanh chóng cử nhân viên hỗ trợ hoặc xử lý kỹ thuật cho Quý khách ạ."
GiaoThong_ThueXeMay_XeDap,Tôi có cần đặt cọc giấy tờ tùy thân khi thuê xe máy không?,"Dạ, khi thuê xe, Quý khách vui lòng mang theo giấy phép lái xe và thực hiện thủ tục đăng ký tại quầy lễ tân. Nhân viên của chúng tôi sẽ hướng dẫn chi tiết các bước xác thực cho Quý khách ạ."
GiaoThong_ThueXeMay_XeDap,Xe máy cho thuê tại khách sạn có phải là xe đời mới không?,"Dạ, các xe máy cho thuê tại StarStay Hotel đều được bảo dưỡng định kỳ và kiểm tra kỹ thuật thường xuyên để đảm bảo an toàn và vận hành tốt nhất cho Quý khách ạ."
GiaoThong_ThueXeMay_XeDap,"Tôi muốn đi Bán đảo Sơn Trà bằng xe máy, khách sạn có cho thuê không?","Dạ hoàn toàn được ạ. Quý khách có thể thuê xe máy tại khách sạn để di chuyển đến Bán đảo Sơn Trà. Thời gian di chuyển khoảng 20 phút, rất thuận tiện cho việc tham quan ạ."
GiaoThong_ThueXeMay_XeDap,Khách sạn có dịch vụ thuê xe ô tô không hay chỉ có xe máy và xe đạp?,"Dạ, hiện tại chúng tôi cung cấp dịch vụ cho thuê xe máy và xe đạp tại khách sạn. Nếu Quý khách có nhu cầu thuê ô tô hoặc đưa đón sân bay, chúng tôi có thể kết nối với các đối tác vận tải uy tín để hỗ trợ Quý khách ạ."
GiaoThong_ThueXeMay_XeDap,Khi trả xe máy tôi có cần mang xe đi rửa không?,"Dạ không cần đâu ạ. Quý khách chỉ cần bàn giao lại xe cho lễ tân, nhân viên khách sạn sẽ lo phần vệ sinh xe sau khi Quý khách sử dụng xong ạ."
GiaoThong_ThueXeMay_XeDap,Tôi có thể thuê xe đạp vào ban đêm được không?,"Dạ, Quý khách có thể liên hệ lễ tân bất cứ lúc nào để thuê xe đạp. Tuy nhiên, Quý khách lưu ý sử dụng xe an toàn và đảm bảo phương tiện được để gọn gàng khi hoàn trả ạ."
GiaoThong_DiHoiAn_HueDaLat,Từ khách sạn StarStay tôi có thể di chuyển đến Hội An bằng cách nào?,"Quý khách có thể di chuyển đến Hội An bằng taxi, Grab hoặc thuê xe riêng với quãng đường khoảng 25km, mất khoảng 30 phút di chuyển. Lễ tân tại khách sạn luôn sẵn sàng hỗ trợ đặt xe giúp Quý khách bất cứ lúc nào ạ."
GiaoThong_DiHoiAn_HueDaLat,Chi phí đi taxi từ khách sạn đến Phố cổ Hội An khoảng bao nhiêu?,Chi phí taxi cho một lượt di chuyển từ khách sạn đến Hội An dao động khoảng 250.000đ đến 300.000đ tùy vào loại xe và thời điểm đặt xe ạ.
GiaoThong_DiHoiAn_HueDaLat,"Tôi muốn đi tham quan Huế từ Đà Nẵng, khách sạn có hỗ trợ đặt tour không?","Khách sạn StarStay hiện không tổ chức tour trực tiếp, nhưng bộ phận lễ tân rất hân hạnh được hỗ trợ Quý khách liên hệ các đơn vị lữ hành uy tín để đặt tour đi Huế. Quý khách vui lòng liên hệ hotline 0236 999 8888 để được hỗ trợ ạ."
GiaoThong_DiHoiAn_HueDaLat,Có phương tiện công cộng nào đi từ khách sạn đến Hội An không?,Hiện tại không có xe buýt công cộng trực tiếp từ khách sạn đến Hội An. Chúng tôi khuyến khích Quý khách sử dụng taxi hoặc dịch vụ đặt xe qua ứng dụng như Grab để đảm bảo sự thuận tiện và thoải mái nhất ạ.
GiaoThong_DiHoiAn_HueDaLat,"Tôi muốn đi Đà Lạt từ khách sạn, tôi nên chọn phương tiện gì?","Để đi Đà Lạt từ Đà Nẵng, phương tiện thuận tiện nhất là máy bay từ sân bay Đà Nẵng. Quý khách có thể đặt taxi từ khách sạn ra sân bay với chi phí khoảng 120.000đ - 150.000đ, hành trình mất khoảng 15-20 phút ạ."
GiaoThong_DiHoiAn_HueDaLat,Thời gian di chuyển từ StarStay Hotel đến Hội An mất bao lâu?,"Thông thường, quãng đường 25km từ khách sạn đến Phố cổ Hội An sẽ mất khoảng 30 phút di chuyển bằng ô tô, tùy thuộc vào tình hình giao thông ạ."
GiaoThong_DiHoiAn_HueDaLat,Nếu tôi muốn thuê xe tự lái để đi Hội An thì khách sạn có hỗ trợ không?,"Khách sạn cung cấp dịch vụ cho thuê xe máy với giá 150.000đ/ngày. Tuy nhiên, nếu Quý khách muốn thuê ô tô tự lái để đi Hội An, chúng tôi có thể giới thiệu các đơn vị cho thuê xe uy tín tại địa phương ạ."
GiaoThong_DiHoiAn_HueDaLat,Khách sạn có dịch vụ xe đưa đón khách đi tham quan các tỉnh lân cận như Huế không?,"Chúng tôi không có xe đưa đón cố định đi tỉnh, nhưng lễ tân luôn sẵn lòng hỗ trợ Quý khách đặt xe riêng hoặc tư vấn lịch trình di chuyển phù hợp nhất ạ. Quý khách hãy gọi hotline 0236 999 8888 để được hỗ trợ."
GiaoThong_DiHoiAn_HueDaLat,Khoảng cách từ khách sạn StarStay đến Hội An là bao xa?,Khách sạn StarStay cách Phố cổ Hội An khoảng 25km. Quý khách có thể dễ dàng di chuyển bằng taxi hoặc xe dịch vụ chỉ trong khoảng 30 phút ạ.
GiaoThong_DiHoiAn_HueDaLat,Đi từ khách sạn đến sân bay để bay đi Đà Lạt có xa không?,Sân bay Đà Nẵng cách khách sạn chúng tôi khoảng 8km. Quý khách chỉ mất tầm 15 đến 20 phút di chuyển bằng taxi với mức phí khoảng 120.000đ - 150.000đ ạ.
TinhHuong_QuenDoTrongPhong,"Tôi để quên điện thoại trong phòng sau khi làm thủ tục trả phòng, tôi phải làm gì?","Dạ, Quý khách vui lòng liên hệ ngay với bộ phận Lễ tân qua hotline 0236 999 8888 để chúng tôi kiểm tra tình trạng phòng ngay lập tức ạ."
TinhHuong_QuenDoTrongPhong,Khách sạn có quy trình xử lý như thế nào nếu tôi làm rơi đồ tại phòng?,"Khi nhận được thông tin, nhân viên buồng phòng sẽ kiểm tra lại phòng Quý khách đã lưu trú và báo cáo với quản lý. Nếu tìm thấy, chúng tôi sẽ cất giữ an toàn và hỗ trợ Quý khách nhận lại ạ."
TinhHuong_QuenDoTrongPhong,"Tôi đã rời khách sạn mới phát hiện quên ví tiền trong két sắt, làm sao để xác minh đó là đồ của tôi?","Quý khách vui lòng gọi 0236 999 8888 và cung cấp thông tin số phòng, thời gian lưu trú cùng mô tả chi tiết về ví tiền. Chúng tôi sẽ xác minh qua camera hành lang và thông tin lưu trữ tại quầy lễ tân để hỗ trợ Anh/Chị ạ."
TinhHuong_QuenDoTrongPhong,"Nếu tôi để quên đồ nhưng đã về đến nhà ở xa, khách sạn có thể gửi chuyển phát nhanh giúp tôi không?","Dạ có ạ, chúng tôi rất sẵn lòng hỗ trợ. Quý khách vui lòng cung cấp thông tin liên hệ và địa chỉ nhận hàng, chi phí vận chuyển sẽ do Quý khách chi trả ạ."
TinhHuong_QuenDoTrongPhong,Làm thế nào để báo mất đồ cho bộ phận lễ tân StarStay Hotel nhanh nhất?,Cách nhanh nhất là Quý khách hãy gọi ngay số hotline 24/7: 0236 999 8888 hoặc gửi email về địa chỉ info@starstay.vn để nhân viên hỗ trợ xử lý kịp thời ạ.
TinhHuong_QuenDoTrongPhong,"Tôi nghi ngờ mình để quên tư trang tại khu vực hồ bơi, khách sạn có kiểm tra giúp tôi không?","Dạ, chúng tôi sẽ cho nhân viên kiểm tra khu vực hồ bơi và khu vực lân cận ngay lập tức. Quý khách vui lòng chờ trong giây lát hoặc để lại số điện thoại, chúng tôi sẽ gọi lại ngay khi có kết quả ạ."
TinhHuong_QuenDoTrongPhong,Khách sạn có lưu giữ đồ thất lạc của khách trong bao lâu?,"Chúng tôi lưu giữ đồ thất lạc của khách trong vòng 30 ngày. Sau thời gian này, nếu không có chủ sở hữu nhận lại, khách sạn sẽ tiến hành xử lý theo quy định nội bộ ạ."
TinhHuong_QuenDoTrongPhong,"Nếu đồ của tôi bị mất trong phòng, khách sạn có chịu trách nhiệm không?",Mỗi phòng của chúng tôi đều được trang bị két sắt an toàn và hệ thống camera giám sát tại hành lang. Quý khách vui lòng liên hệ lễ tân qua 0236 999 8888 để chúng tôi phối hợp kiểm tra và giải quyết sự việc một cách thỏa đáng nhất ạ.
TinhHuong_QuenDoTrongPhong,"Tôi quên đồ trong phòng nhưng chưa biết chính xác là đồ gì, tôi có thể quay lại kiểm tra cùng nhân viên không?","Dạ, nếu phòng đó chưa có khách mới nhận phòng, chúng tôi có thể sắp xếp để Quý khách kiểm tra trực tiếp. Tuy nhiên, xin Anh/Chị vui lòng liên hệ trước với lễ tân để được hỗ trợ thủ tục ạ."
TinhHuong_QuenDoTrongPhong,Có cần mang theo giấy tờ gì để nhận lại đồ đã để quên tại khách sạn không?,"Khi đến nhận lại đồ, Quý khách vui lòng xuất trình giấy tờ tùy thân (CCCD hoặc Hộ chiếu) để nhân viên đối chiếu và bàn giao lại tài sản ạ."
GiaoThong_XeBuyt_XeOmCongNghe,Khách sạn StarStay có hỗ trợ xe buýt công cộng để di chuyển vào trung tâm thành phố không?,"Dạ, Đà Nẵng có hệ thống xe buýt công cộng khá thuận tiện. Quý khách có thể đón các tuyến xe buýt gần khu vực khách sạn để di chuyển vào trung tâm. Lễ tân tại StarStay Hotel luôn sẵn sàng hướng dẫn chi tiết lộ trình và điểm dừng gần nhất cho Quý khách ạ."
GiaoThong_XeBuyt_XeOmCongNghe,"Tôi muốn dùng Grab hoặc xe ôm công nghệ để đi lại, khách sạn có dễ dàng đón xe không?","Dạ, Quý khách hoàn toàn có thể sử dụng các ứng dụng như Grab hoặc Be để đặt xe tại StarStay Hotel ạ. Vị trí của khách sạn nằm ngay mặt tiền đường Võ Nguyên Giáp nên tài xế rất dễ dàng tìm thấy và đón Quý khách ạ."
GiaoThong_XeBuyt_XeOmCongNghe,Từ khách sạn StarStay có xe buýt đi thẳng đến Bà Nà Hills hay Hội An không?,"Dạ, xe buýt công cộng thường chỉ đi trong nội thành. Để đi Bà Nà Hills hoặc Hội An, Quý khách nên cân nhắc đặt taxi hoặc xe dịch vụ để thuận tiện và chủ động thời gian hơn ạ. Quý khách có thể liên hệ hotline 0236 999 8888 để lễ tân hỗ trợ đặt xe giúp Quý khách ạ."
GiaoThong_XeBuyt_XeOmCongNghe,Giá cước xe ôm công nghệ so với taxi tại Đà Nẵng như thế nào?,"Dạ, giá cước xe ôm công nghệ thường rẻ hơn taxi và rất phù hợp cho khách đi một mình hoặc đi quãng đường ngắn. Tuy nhiên, nếu Quý khách đi theo nhóm hoặc mang theo hành lý, taxi sẽ là lựa chọn thoải mái và an toàn hơn ạ."
GiaoThong_XeBuyt_XeOmCongNghe,Tôi có thể nhờ lễ tân đặt giúp xe taxi hay xe ôm công nghệ không?,"Dạ được ạ. Lễ tân của StarStay Hotel luôn sẵn lòng hỗ trợ Quý khách đặt taxi Mai Linh, Vinasun hoặc tư vấn cách sử dụng các ứng dụng đặt xe công nghệ bất cứ lúc nào Quý khách cần ạ."
GiaoThong_XeBuyt_XeOmCongNghe,Việc di chuyển bằng xe buýt tại Đà Nẵng có phức tạp đối với khách du lịch không?,"Dạ, hệ thống xe buýt tại Đà Nẵng hiện nay khá hiện đại và dễ sử dụng. Quý khách có thể tra cứu lộ trình qua ứng dụng Google Maps hoặc hỏi nhân viên lễ tân tại quầy để được hướng dẫn chính xác tuyến xe phù hợp ạ."
GiaoThong_XeBuyt_XeOmCongNghe,"Tôi muốn tiết kiệm chi phí đi lại, tôi nên chọn xe buýt hay xe ôm công nghệ?","Dạ, xe buýt là phương tiện tiết kiệm nhất nếu Quý khách có nhiều thời gian. Nếu Quý khách muốn nhanh chóng và tiện lợi hơn, xe ôm công nghệ là lựa chọn rất hợp lý ạ. Quý khách có thể cân nhắc tùy theo nhu cầu di chuyển của mình ạ."
GiaoThong_XeBuyt_XeOmCongNghe,Đà Nẵng có ứng dụng đặt xe công nghệ nào phổ biến nhất?,"Dạ, tại Đà Nẵng, ứng dụng Grab và Be hiện đang rất phổ biến và hoạt động ổn định. Quý khách có thể dễ dàng đặt xe ôm công nghệ hoặc taxi qua các ứng dụng này chỉ với vài thao tác đơn giản ạ."
GiaoThong_XeBuyt_XeOmCongNghe,Khách sạn có khu vực chờ dành riêng cho tài xế xe ôm công nghệ không?,"Dạ, tài xế có thể đón Quý khách ngay tại sảnh chính của khách sạn. Nhân viên an ninh của chúng tôi luôn túc trực để hỗ trợ điều phối xe, đảm bảo việc đón trả khách được thuận tiện và nhanh chóng nhất ạ."
GiaoThong_XeBuyt_XeOmCongNghe,Nếu tôi gặp khó khăn khi đặt xe ôm công nghệ vào ban đêm thì phải làm sao?,"Dạ, nếu Quý khách gặp khó khăn, xin vui lòng gọi ngay hotline 0236 999 8888 hoặc liên hệ trực tiếp quầy lễ tân. Chúng tôi hoạt động 24/7 và sẽ hỗ trợ Quý khách gọi taxi hoặc xe dịch vụ ngay lập tức ạ."
TinhHuong_HuHongDoTrongPhong,Tôi phát hiện bóng đèn trong phòng bị hỏng thì phải báo cho ai?,"Dạ, nếu Quý khách gặp vấn đề về thiết bị hư hỏng, xin vui lòng liên hệ ngay với lễ tân qua hotline 0236 999 8888 hoặc nhấn phím gọi lễ tân trên điện thoại bàn tại phòng để chúng tôi hỗ trợ sửa chữa kịp thời ạ."
TinhHuong_HuHongDoTrongPhong,"Trong phòng tôi bị hỏng vòi nước, khách sạn có cử người lên sửa ngay không?","Dạ có ạ. Ngay khi nhận được thông báo về sự cố vòi nước, bộ phận kỹ thuật của StarStay Hotel sẽ được điều động đến phòng Quý khách để kiểm tra và xử lý nhanh chóng nhất có thể ạ."
TinhHuong_HuHongDoTrongPhong,"Điều hòa trong phòng không mát, tôi có thể yêu cầu đổi phòng khác không?","Dạ, trước tiên xin Quý khách cho phép chúng tôi được kiểm tra và khắc phục sự cố điều hòa ngay lập tức. Nếu tình trạng không được cải thiện, lễ tân sẽ hỗ trợ chuyển Quý khách sang phòng khác nếu tình trạng phòng còn trống ạ."
TinhHuong_HuHongDoTrongPhong,Nếu tôi vô tình làm hỏng đồ đạc trong phòng thì có phải bồi thường không?,"Dạ, tùy vào mức độ hư hại của vật dụng, khách sạn sẽ có chính sách xử lý cụ thể. Quý khách vui lòng thông báo sớm cho lễ tân tại số 0236 999 8888 để được hướng dẫn giải quyết một cách hợp lý nhất ạ."
TinhHuong_HuHongDoTrongPhong,"Tôi thấy ổ cắm điện trong phòng bị lỏng, có cách nào khắc phục không?","Dạ, để đảm bảo an toàn tuyệt đối cho Quý khách, xin đừng tự ý sử dụng ổ cắm đang gặp sự cố. Quý khách vui lòng báo lễ tân, chúng tôi sẽ cử nhân viên kỹ thuật đến kiểm tra và sửa chữa ngay ạ."
TinhHuong_HuHongDoTrongPhong,Khách sạn có hỗ trợ sửa đồ dùng cá nhân của tôi bị hỏng không?,"Dạ, khách sạn rất tiếc không thể hỗ trợ sửa chữa các thiết bị cá nhân của Quý khách. Chúng tôi chỉ chịu trách nhiệm bảo trì và sửa chữa các thiết bị, nội thất thuộc quyền sở hữu của khách sạn StarStay ạ."
TinhHuong_HuHongDoTrongPhong,"Tôi cần báo gấp tình trạng cửa phòng khó đóng, tôi gọi số nào?","Dạ, Quý khách vui lòng gọi ngay hotline 0236 999 8888 để lễ tân ghi nhận và cử bộ phận kỹ thuật hỗ trợ Quý khách kiểm tra khóa cửa ngay lập tức ạ."
TinhHuong_HuHongDoTrongPhong,"Nếu thiết bị trong phòng hỏng vào ban đêm, tôi có thể báo lễ tân không?","Dạ, lễ tân của StarStay Hotel luôn túc trực 24/7. Vì vậy, dù là thời điểm nào, Quý khách cũng có thể liên hệ 0236 999 8888 để chúng tôi kịp thời xử lý các vấn đề hư hỏng trong phòng ạ."
TinhHuong_HuHongDoTrongPhong,"Trong lúc tôi đi vắng, khách sạn có vào phòng sửa đồ hỏng không?","Dạ, nếu sự cố hư hỏng cần được xử lý gấp, chúng tôi sẽ xin phép Quý khách. Khi Quý khách đồng ý, nhân viên kỹ thuật mới tiến hành vào phòng để sửa chữa dưới sự giám sát của nhân viên khách sạn ạ."
TinhHuong_HuHongDoTrongPhong,"Tôi phát hiện sàn nhà bị trơn do hỏng đường ống nước trong phòng, tôi nên làm gì?","Dạ, xin Quý khách hãy cẩn thận di chuyển tránh khu vực trơn trượt và thông báo ngay cho lễ tân qua hotline 0236 999 8888. Chúng tôi sẽ cử nhân viên vệ sinh và kỹ thuật đến xử lý ngay lập tức để đảm bảo an toàn cho Quý khách ạ."
TinhHuong_MatChiaKhoa_TheTu,"Tôi lỡ làm mất thẻ từ phòng, tôi phải làm sao?",Quý khách vui lòng liên hệ ngay với lễ tân tại sảnh hoặc gọi hotline 0236 999 8888 để chúng tôi hỗ trợ khóa thẻ cũ và cấp thẻ mới cho Quý khách ngay lập tức ạ.
TinhHuong_MatChiaKhoa_TheTu,Nếu tôi bị mất thẻ từ phòng thì có mất phí không?,"Tại StarStay Hotel, chúng tôi sẽ hỗ trợ cấp lại thẻ mới cho Quý khách. Tuy nhiên, nếu mất thẻ từ, Quý khách vui lòng thanh toán phí làm lại thẻ là 50.000 đồng/thẻ ạ."
TinhHuong_MatChiaKhoa_TheTu,"Tôi quên thẻ từ trong phòng và cửa đã tự khóa, khách sạn có thể mở cửa giúp tôi không?",Dạ được ạ. Quý khách vui lòng đến quầy lễ tân hoặc gọi hotline 0236 999 8888. Nhân viên của chúng tôi sẽ xác nhận thông tin và lên hỗ trợ mở cửa cho Quý khách ngay ạ.
TinhHuong_MatChiaKhoa_TheTu,Làm thế nào để tôi nhận lại thẻ từ sau khi báo mất?,"Sau khi Quý khách thông báo mất thẻ, nhân viên lễ tân sẽ tiến hành vô hiệu hóa thẻ cũ để đảm bảo an ninh và cấp thẻ mới cho Quý khách tại quầy lễ tân ạ."
TinhHuong_MatChiaKhoa_TheTu,"Tôi lo lắng người khác nhặt được thẻ từ phòng của tôi, khách sạn có giải pháp bảo mật nào không?","Quý khách hoàn toàn yên tâm ạ. Ngay khi nhận được thông tin báo mất, chúng tôi sẽ lập tức hủy quyền truy cập của thẻ cũ trên hệ thống, giúp đảm bảo an toàn tuyệt đối cho phòng của Quý khách."
TinhHuong_MatChiaKhoa_TheTu,Tôi cần mang theo giấy tờ gì khi đến lễ tân để xin cấp lại thẻ từ?,"Để đảm bảo an toàn, khi yêu cầu cấp lại thẻ từ, Quý khách vui lòng mang theo giấy tờ tùy thân như căn cước công dân hoặc hộ chiếu để lễ tân đối chiếu thông tin đặt phòng ạ."
TinhHuong_MatChiaKhoa_TheTu,"Thẻ từ của tôi không mở được cửa phòng, tôi nên làm gì?",Có thể thẻ từ của Quý khách bị nhiễu từ hoặc hết hạn. Quý khách vui lòng mang thẻ xuống quầy lễ tân để nhân viên kiểm tra và hỗ trợ nạp lại từ cho thẻ ạ.
TinhHuong_MatChiaKhoa_TheTu,"Tôi đang ở bên ngoài và nhận ra mình làm mất thẻ từ, tôi có thể gọi ai để xử lý?",Quý khách vui lòng gọi ngay đến số hotline 0236 999 8888 hoạt động 24/7. Lễ tân sẽ ghi nhận thông tin và hỗ trợ Quý khách các bước tiếp theo để đảm bảo an toàn cho tài sản trong phòng ạ.
TinhHuong_MatChiaKhoa_TheTu,Khách sạn có dịch vụ hỗ trợ mở cửa phòng trong đêm nếu tôi làm mất thẻ không?,"Dạ có ạ. Đội ngũ lễ tân của StarStay Hotel luôn túc trực 24/7 để hỗ trợ Quý khách trong mọi tình huống, bao gồm việc cấp lại thẻ hoặc mở cửa phòng vào bất kỳ thời điểm nào."
TinhHuong_MatChiaKhoa_TheTu,Nếu tôi tìm thấy thẻ từ sau khi đã báo mất và được cấp thẻ mới thì sao?,"Khi đã được cấp thẻ mới, thẻ cũ của Quý khách sẽ tự động bị vô hiệu hóa trên hệ thống khóa cửa. Quý khách vui lòng gửi trả lại thẻ cũ cho lễ tân để chúng tôi xử lý ạ."
TinhHuong_KhieuNai,"Tôi cảm thấy không hài lòng với dịch vụ tại khách sạn, tôi có thể phản ánh ở đâu?",StarStay Hotel rất tiếc vì trải nghiệm chưa trọn vẹn của Quý khách. Quý khách vui lòng liên hệ trực tiếp lễ tân tại sảnh hoặc gọi số Hotline 0236 999 8888 để chúng tôi kịp thời hỗ trợ và giải quyết vấn đề ngay lập tức ạ.
TinhHuong_KhieuNai,Nếu phòng của tôi không sạch sẽ như mong đợi thì tôi phải làm sao?,"Dạ, StarStay Hotel chân thành xin lỗi Quý khách về sự bất tiện này. Quý khách vui lòng thông báo cho lễ tân qua số 0236 999 8888, chúng tôi sẽ điều phối bộ phận buồng phòng đến kiểm tra và dọn dẹp lại phòng ngay cho Quý khách ạ."
TinhHuong_KhieuNai,Tôi muốn gửi khiếu nại về thái độ phục vụ của nhân viên thì làm thế nào?,"Dạ, StarStay Hotel luôn trân trọng mọi ý kiến đóng góp. Quý khách có thể gửi phản hồi chi tiết qua email info@starstay.vn hoặc gọi trực tiếp Hotline 0236 999 8888 để ban quản lý khách sạn ghi nhận và xử lý thỏa đáng ạ."
TinhHuong_KhieuNai,"Tiếng ồn từ phòng bên cạnh làm ảnh hưởng đến giấc ngủ của tôi, khách sạn có thể xử lý không?","Dạ, StarStay Hotel rất xin lỗi về sự phiền toái này. Quý khách vui lòng gọi Hotline 0236 999 8888, lễ tân sẽ ngay lập tức liên hệ nhắc nhở phòng bên cạnh để đảm bảo không gian yên tĩnh cho Quý khách ạ."
TinhHuong_KhieuNai,"Tôi không hài lòng với bữa sáng buffet, tôi có được hoàn lại tiền không?","Dạ, chúng tôi rất tiếc khi bữa sáng chưa làm hài lòng Quý khách. Mặc dù phí bữa sáng đã bao gồm trong gói dịch vụ, Quý khách vui lòng liên hệ lễ tân để chúng tôi ghi nhận ý kiến và tìm phương án hỗ trợ tốt nhất cho Quý khách ạ."
TinhHuong_KhieuNai,"Tôi bị mất đồ trong phòng, khách sạn có chịu trách nhiệm không?","Dạ, chúng tôi rất lấy làm tiếc về sự cố này. Quý khách vui lòng báo ngay cho lễ tân qua số 0236 999 8888 để bộ phận an ninh kiểm tra camera hành lang và hỗ trợ tìm kiếm tài sản cho Quý khách ạ."
TinhHuong_KhieuNai,"Tại sao tôi phải trả phí khi check-in sớm, tôi không được thông báo trước?","Dạ, StarStay Hotel xin lỗi vì sự hiểu lầm này. Chính sách check-in sớm tính 50% giá phòng chỉ áp dụng khi có phòng trống trước 14:00. Quý khách có thể liên hệ lễ tân để được giải thích chi tiết hơn về tình trạng phòng tại thời điểm đó ạ."
TinhHuong_KhieuNai,"Tôi cảm thấy thất vọng vì tiện nghi trong phòng không giống như quảng cáo trên website, tôi có thể đổi phòng không?","Dạ, chúng tôi rất xin lỗi vì sự khác biệt này. Quý khách vui lòng liên hệ lễ tân, chúng tôi sẽ kiểm tra tình trạng phòng hiện tại và sẵn sàng hỗ trợ đổi phòng khác phù hợp hơn với nhu cầu của Quý khách ạ."
TinhHuong_KhieuNai,"Tôi muốn gặp quản lý khách sạn để khiếu nại trực tiếp về vấn đề nghiêm trọng, tôi cần làm gì?","Dạ, Quý khách vui lòng liên hệ với lễ tân trực 24/7 tại sảnh hoặc gọi số 0236 999 8888. Chúng tôi sẽ kết nối Quý khách với bộ phận quản lý để giải quyết vấn đề một cách nhanh chóng và thấu đáo nhất ạ."
TinhHuong_KhieuNai,Khách sạn có bồi thường cho tôi nếu dịch vụ đưa đón sân bay bị trễ không?,"Dạ, StarStay Hotel rất xin lỗi về sự chậm trễ gây ảnh hưởng đến lịch trình của Quý khách. Vui lòng liên hệ Hotline 0236 999 8888, chúng tôi sẽ xem xét sự việc và có chính sách hỗ trợ hoặc đền bù hợp lý cho Quý khách ạ."
TinhHuong_BiOmDau_CapCuu,"Tôi cảm thấy không khỏe, khách sạn có hỗ trợ gì không?",Quý khách vui lòng liên hệ ngay lễ tân qua số hotline 0236 999 8888 để được hỗ trợ kịp thời. Chúng tôi luôn có nhân viên túc trực 24/7 để giúp đỡ Quý khách trong mọi tình huống khẩn cấp ạ.
TinhHuong_BiOmDau_CapCuu,"Tôi đang bị sốt cao trong phòng, tôi phải làm sao?","Quý khách hãy gọi ngay số 0236 999 8888 để lễ tân nắm bắt tình hình. Chúng tôi sẽ hỗ trợ sơ cứu tại chỗ, gọi bác sĩ hoặc xe cứu thương nếu cần thiết ạ."
TinhHuong_BiOmDau_CapCuu,Khách sạn có sẵn tủ thuốc y tế cho khách lưu trú không?,"Dạ có, tại quầy lễ tân của StarStay Hotel luôn chuẩn bị sẵn tủ thuốc y tế cơ bản. Quý khách vui lòng gọi 0236 999 8888 để nhân viên mang đến tận phòng cho Quý khách ạ."
TinhHuong_BiOmDau_CapCuu,Có bệnh viện nào gần khách sạn StarStay không?,"Khách sạn chúng tôi nằm tại 123 Võ Nguyên Giáp, rất thuận tiện để di chuyển đến các cơ sở y tế uy tín tại Đà Nẵng. Nếu cần, lễ tân sẽ hỗ trợ gọi taxi và hướng dẫn Quý khách đến bệnh viện gần nhất ngay lập tức ạ."
TinhHuong_BiOmDau_CapCuu,Trong trường hợp khẩn cấp về sức khỏe vào ban đêm thì tôi liên hệ ai?,"Lễ tân StarStay Hotel làm việc 24/7, Quý khách hãy gọi ngay hotline 0236 999 8888 bất kể thời điểm nào trong ngày. Chúng tôi luôn sẵn sàng ưu tiên xử lý các trường hợp khẩn cấp của Quý khách ạ."
TinhHuong_BiOmDau_CapCuu,Tôi cần mua thuốc nhưng không biết hiệu thuốc nào gần đây?,"Quý khách không cần lo lắng, hãy gọi 0236 999 8888, lễ tân sẽ hỗ trợ mua thuốc giúp Quý khách hoặc chỉ dẫn hiệu thuốc gần nhất đang mở cửa ạ."
TinhHuong_BiOmDau_CapCuu,Nếu tôi cần xe cấp cứu thì khách sạn có gọi giúp tôi được không?,"Dạ chắc chắn rồi ạ. Trong trường hợp cần xe cấp cứu, Quý khách hãy liên hệ ngay hotline 0236 999 8888, chúng tôi sẽ ưu tiên gọi đội ngũ y tế chuyên nghiệp đến hỗ trợ Quý khách nhanh nhất có thể."
TinhHuong_BiOmDau_CapCuu,Khách sạn có dịch vụ bác sĩ thăm khám tại phòng không?,"Khách sạn hiện không có bác sĩ thường trú, nhưng chúng tôi có liên kết với các cơ sở y tế tại Đà Nẵng để hỗ trợ bác sĩ đến thăm khám khi cần thiết. Quý khách vui lòng gọi 0236 999 8888 để chúng tôi kết nối giúp Quý khách ạ."
TinhHuong_BiOmDau_CapCuu,"Tôi bị dị ứng thức ăn, tôi phải làm sao?",Quý khách vui lòng báo ngay cho lễ tân qua số 0236 999 8888 hoặc nhân viên nhà hàng để chúng tôi ghi chú và xử lý kịp thời. Sức khỏe của Quý khách là ưu tiên hàng đầu của chúng tôi ạ.
TinhHuong_BiOmDau_CapCuu,"Tôi đang ở một mình và cảm thấy chóng mặt, hãy giúp tôi.","Dạ, Quý khách hãy giữ bình tĩnh và gọi ngay hotline 0236 999 8888. Nhân viên an ninh và lễ tân sẽ có mặt tại phòng của Quý khách ngay lập tức để hỗ trợ ạ."
GiaoThong_Taxi_Grab,Tôi có thể di chuyển bằng phương tiện gì khi ở tại khách sạn StarStay?,"Quý khách có thể dễ dàng di chuyển bằng các phương tiện phổ biến tại Đà Nẵng như Grab, taxi (Mai Linh, Vinasun), xe ôm công nghệ Be, hoặc thuê xe máy, xe đạp ngay tại quầy lễ tân của khách sạn ạ."
GiaoThong_Taxi_Grab,Khách sạn có hỗ trợ gọi taxi cho tôi không?,"Dạ có, lễ tân của chúng tôi trực 24/7 và luôn sẵn sàng hỗ trợ gọi taxi cho Quý khách bất cứ lúc nào. Quý khách vui lòng liên hệ quầy lễ tân hoặc gọi hotline 0236 999 8888 để được hỗ trợ ạ."
GiaoThong_Taxi_Grab,Từ StarStay Hotel ra sân bay Đà Nẵng mất bao lâu và chi phí khoảng bao nhiêu?,"Sân bay quốc tế Đà Nẵng cách khách sạn khoảng 8km, di chuyển bằng taxi mất tầm 15 đến 20 phút với chi phí ước tính khoảng 120.000đ đến 150.000đ ạ."
GiaoThong_Taxi_Grab,Khách sạn có dịch vụ đưa đón sân bay không?,"Dạ có, chúng tôi có cung cấp dịch vụ đưa đón sân bay với giá 500.000đ/lượt cho xe 4 chỗ và 800.000đ/lượt cho xe 7 chỗ. Quý khách vui lòng thông báo trước cho lễ tân để được sắp xếp chu đáo ạ."
GiaoThong_Taxi_Grab,"Tôi muốn đi tham quan Hội An, tôi nên chọn phương tiện nào?","Để di chuyển đến phố cổ Hội An cách 25km, Quý khách có thể đặt taxi hoặc Grab với thời gian di chuyển khoảng 30 phút, chi phí thường dao động từ 250.000đ đến 300.000đ ạ."
GiaoThong_Taxi_Grab,Tôi có thể sử dụng ứng dụng Grab tại khách sạn không?,Dạ hoàn toàn được ạ. Quý khách có thể đặt xe Grab trực tiếp qua ứng dụng trên điện thoại để di chuyển đến các địa điểm tham quan tại Đà Nẵng rất thuận tiện và nhanh chóng.
GiaoThong_Taxi_Grab,Chi phí đi taxi từ khách sạn đến Bà Nà Hills là bao nhiêu?,"Bà Nà Hills cách khách sạn khoảng 45km, mất khoảng 1 giờ di chuyển bằng taxi với chi phí ước tính khoảng 500.000đ ạ. Quý khách có thể nhờ lễ tân hỗ trợ đặt xe để đảm bảo an toàn và mức giá tốt nhất."
GiaoThong_Taxi_Grab,Tôi muốn đi dạo quanh bãi biển Mỹ Khê thì nên thuê xe gì?,"Bãi biển Mỹ Khê chỉ cách khách sạn 500m nên Quý khách có thể đi bộ trong 5 phút. Ngoài ra, chúng tôi cũng có dịch vụ cho thuê xe đạp với giá 50.000đ/ngày để Quý khách thong thả dạo biển ạ."
GiaoThong_Taxi_Grab,Làm thế nào để tôi di chuyển đến Cầu Rồng và Chợ Hàn từ StarStay?,"Cầu Rồng và Chợ Hàn cách khách sạn khoảng 6km đến 7km, Quý khách có thể di chuyển bằng taxi hoặc Grab mất khoảng 15 phút là đến nơi ạ."
GiaoThong_Taxi_Grab,Tôi có thể tìm taxi ở đâu gần khách sạn nhất?,Quý khách có thể dễ dàng đón taxi ngay tại sảnh khách sạn hoặc yêu cầu nhân viên lễ tân hỗ trợ gọi xe bất cứ lúc nào qua hotline 0236 999 8888 ạ.
GiaoThong_Taxi_Grab,Đi taxi từ khách sạn đến Ngũ Hành Sơn mất bao lâu?,"Danh thắng Ngũ Hành Sơn chỉ cách khách sạn khoảng 2km, Quý khách sẽ mất khoảng 5 phút đi taxi để đến nơi ạ."
GiaoThong_Taxi_Grab,Có xe buýt công cộng nào đi qua khách sạn không?,"Tại Đà Nẵng có hệ thống xe buýt công cộng, tuy nhiên để thuận tiện và tiết kiệm thời gian nhất cho chuyến du lịch, chúng tôi khuyến khích Quý khách sử dụng taxi hoặc Grab ạ."
GiaoThong_Taxi_Grab,Tôi có cần đặt trước xe đưa đón sân bay không?,"Để đảm bảo dịch vụ tốt nhất và không phải chờ đợi, Quý khách vui lòng thông báo thời gian và thông tin chuyến bay cho lễ tân trước ít nhất 2 tiếng ạ."
GiaoThong_Taxi_Grab,Có dịch vụ xe ôm công nghệ như Be không?,"Dạ có, các ứng dụng gọi xe như Be hay Grab đều hoạt động rất phổ biến và tiện lợi tại Đà Nẵng, Quý khách có thể dễ dàng sử dụng trên điện thoại di động ạ."
TinhHuong_ChayNo_AnNinh,"Nếu chẳng may xảy ra hỏa hoạn tại khách sạn, tôi nên làm gì đầu tiên?","Quý khách vui lòng giữ bình tĩnh, di chuyển nhanh chóng đến lối thoát hiểm gần nhất theo chỉ dẫn của đèn báo và không sử dụng thang máy. Sau đó, Quý khách hãy liên hệ ngay với lễ tân qua hotline 0236 999 8888 để được hỗ trợ kịp thời ạ."
TinhHuong_ChayNo_AnNinh,Khách sạn có trang bị thiết bị phòng cháy chữa cháy trong phòng nghỉ không?,"Dạ có, tất cả các phòng tại StarStay Hotel đều được trang bị thiết bị báo cháy, bình chữa cháy cầm tay và sơ đồ thoát hiểm đặt ngay sau cửa ra vào để đảm bảo an toàn cho Quý khách ạ."
TinhHuong_ChayNo_AnNinh,"Tôi cảm thấy không an tâm về an ninh, khách sạn có camera giám sát không?",Quý khách hoàn toàn có thể yên tâm ạ. StarStay Hotel có hệ thống camera giám sát hoạt động 24/7 tại tất cả các hành lang và khu vực công cộng để đảm bảo an ninh tuyệt đối cho khách lưu trú.
TinhHuong_ChayNo_AnNinh,"Tôi có tài sản giá trị, khách sạn có chỗ nào an toàn để cất giữ không?","Dạ, trong mỗi phòng tại StarStay Hotel đều có trang bị két sắt cá nhân. Quý khách vui lòng cất giữ tư trang và tài sản giá trị vào két sắt để đảm bảo an toàn tuyệt đối trong suốt thời gian lưu trú ạ."
TinhHuong_ChayNo_AnNinh,Nếu tôi thấy người lạ lảng vảng đáng ngờ ở khu vực hành lang thì phải báo cho ai?,Quý khách vui lòng liên hệ ngay với lễ tân qua số điện thoại 0236 999 8888 hoặc nhấn nút gọi trên điện thoại bàn trong phòng. Nhân viên an ninh của khách sạn sẽ có mặt ngay lập tức để kiểm tra và xử lý ạ.
TinhHuong_ChayNo_AnNinh,Lối thoát hiểm của khách sạn nằm ở đâu?,Lối thoát hiểm được bố trí ở cuối mỗi hành lang của các tầng. Quý khách vui lòng quan sát biển báo dạ quang 'EXIT' trên trần nhà để xác định hướng di chuyển nhanh nhất ạ.
TinhHuong_ChayNo_AnNinh,Tôi có thể hút thuốc trong phòng không để tránh kích hoạt hệ thống báo cháy?,"Dạ không, khách sạn StarStay quy định không hút thuốc trong phòng để đảm bảo an toàn phòng cháy chữa cháy và không gian trong lành cho mọi khách hàng. Nếu vi phạm, Quý khách sẽ bị phạt 2.000.000 VNĐ ạ."
TinhHuong_ChayNo_AnNinh,"Trong trường hợp khẩn cấp vào ban đêm, tôi có thể tìm ai để được hỗ trợ?","Dạ, đội ngũ lễ tân và nhân viên an ninh của chúng tôi luôn túc trực 24/7. Quý khách có thể gọi đến hotline 0236 999 8888 bất cứ lúc nào để nhận được sự hỗ trợ nhanh nhất ạ."
TinhHuong_ChayNo_AnNinh,Khách sạn có nhân viên bảo vệ chuyên trách không?,"Dạ có, StarStay Hotel luôn có đội ngũ bảo vệ trực tại sảnh và tuần tra định kỳ các tầng để đảm bảo an ninh, an toàn cho Quý khách và tài sản trong suốt thời gian lưu trú ạ."
TinhHuong_ChayNo_AnNinh,"Nếu có sự cố mất an toàn xảy ra, khách sạn có quy trình xử lý khẩn cấp không?","Dạ có, toàn bộ nhân viên chúng tôi đều được đào tạo nghiệp vụ về phòng cháy chữa cháy và xử lý sự cố. Chúng tôi luôn ưu tiên an toàn của Quý khách lên hàng đầu và đã có quy trình phản ứng nhanh trong mọi tình huống ạ."
LeTan_QuyTrinhCheckOut,Thời gian quy định để tôi làm thủ tục trả phòng tại StarStay Hotel là mấy giờ?,Quý khách vui lòng hoàn tất thủ tục trả phòng trước 12:00 trưa hàng ngày ạ.
LeTan_QuyTrinhCheckOut,Tôi muốn ở lại phòng lâu hơn 12:00 trưa thì khách sạn có hỗ trợ không?,"Dạ có, khách sạn hỗ trợ miễn phí trả phòng muộn đến 14:00. Sau 14:00, phí trả phòng muộn sẽ được tính bằng 50% giá phòng một đêm ạ."
LeTan_QuyTrinhCheckOut,"Nếu tôi trả phòng sau 12:00 trưa, khách sạn có thu thêm phí không?","Khách sạn miễn phí trả phòng muộn đến 14:00. Sau khung giờ này, Quý khách vui lòng thanh toán thêm 50% giá phòng một đêm ạ."
LeTan_QuyTrinhCheckOut,Quy trình trả phòng tại quầy lễ tân diễn ra như thế nào?,"Quý khách vui lòng đến quầy lễ tân, nhân viên sẽ kiểm tra lại tình trạng phòng và các dịch vụ đã sử dụng, sau đó thực hiện thanh toán các chi phí phát sinh nếu có để hoàn tất thủ tục ạ."
LeTan_QuyTrinhCheckOut,Tôi có cần phải dọn dẹp phòng trước khi trả phòng không?,"Dạ không, Quý khách chỉ cần để lại hành lý và các vật dụng cá nhân. Nhân viên buồng phòng sẽ hỗ trợ dọn dẹp sau khi Quý khách hoàn tất trả phòng ạ."
LeTan_QuyTrinhCheckOut,Tôi muốn trả phòng sớm trước 12:00 trưa có được không?,"Dạ hoàn toàn được ạ. Quý khách có thể trả phòng bất cứ lúc nào, vui lòng báo trước với lễ tân để chúng tôi hỗ trợ thủ tục nhanh chóng nhất."
LeTan_QuyTrinhCheckOut,"Khi trả phòng, tôi có cần gửi lại thẻ từ cửa phòng cho lễ tân không?","Dạ đúng rồi ạ, Quý khách vui lòng gửi lại thẻ từ cho nhân viên lễ tân tại quầy khi làm thủ tục trả phòng nhé."
LeTan_QuyTrinhCheckOut,Làm sao để tôi biết mình đã thanh toán hết các dịch vụ trước khi rời đi?,"Khi làm thủ tục trả phòng, nhân viên lễ tân sẽ in bảng kê chi tiết các dịch vụ Quý khách đã sử dụng trong suốt thời gian lưu trú để Quý khách kiểm tra lại trước khi thanh toán ạ."
LeTan_QuyTrinhCheckOut,Khách sạn có hỗ trợ giữ hành lý cho tôi sau khi đã trả phòng không?,"Dạ có, StarStay Hotel sẵn sàng hỗ trợ giữ hành lý miễn phí cho Quý khách tại khu vực lễ tân sau khi làm thủ tục trả phòng ạ."
LeTan_QuyTrinhCheckOut,Tôi có thể thanh toán phí trả phòng muộn bằng thẻ tín dụng không?,"Dạ được ạ, chúng tôi chấp nhận thanh toán qua thẻ Visa/Master Card, VNPay, Momo, chuyển khoản hoặc tiền mặt ạ."
LeTan_QuyTrinhCheckOut,Lễ tân làm sao để chuyển trạng thái phòng từ DangO sang DangDonDep trên hệ thống?,"Sau khi khách hoàn tất thủ tục trả phòng, lễ tân thực hiện thao tác chuyển trạng thái phòng từ 'DangO' sang 'DangDonDep' trên phần mềm để bộ phận buồng phòng nắm thông tin ạ."
LeTan_QuyTrinhCheckOut,Nhân viên lễ tân cần làm gì khi khách yêu cầu gia hạn lưu trú vào ngày trả phòng?,"Lễ tân cần kiểm tra tình trạng phòng trên hệ thống, nếu còn phòng sẽ thực hiện thao tác cập nhật đơn gia hạn và thu thêm phí lưu trú mới ạ."
LeTan_QuyTrinhCheckOut,Làm thế nào để lễ tân xử lý trường hợp khách hủy phòng sát giờ check-out?,"Lễ tân kiểm tra thời gian hủy so với chính sách cọc, sau đó thực hiện lệnh hủy đơn trên hệ thống và xử lý hoàn tiền hoặc thu phí theo quy định ạ."
LeTan_QuyTrinhCheckIn,Thời gian nhận phòng và trả phòng tiêu chuẩn tại StarStay Hotel là mấy giờ?,"Thời gian nhận phòng tiêu chuẩn tại khách sạn là 14:00 và thời gian trả phòng là 12:00 trưa mỗi ngày, thưa Quý khách."
LeTan_QuyTrinhCheckIn,"Tôi muốn đến khách sạn sớm hơn 14:00, tôi có được nhận phòng trước không?","Dạ, nếu phòng trống, Quý khách có thể nhận phòng sớm. Trường hợp này sẽ tính phí là 50% giá phòng của một đêm ạ."
LeTan_QuyTrinhCheckIn,"Tôi cần làm thủ tục check-in sớm vào buổi sáng, tôi nên làm gì?",Quý khách vui lòng liên hệ trước với hotline 0236 999 8888 để chúng em kiểm tra tình trạng phòng trống và hỗ trợ Quý khách sớm nhất có thể ạ.
LeTan_QuyTrinhCheckIn,Nếu tôi trả phòng trễ sau 12:00 trưa thì khách sạn có tính thêm phí không?,"Dạ, khách sạn miễn phí trả phòng trễ đến 14:00. Sau khung giờ này, phí trả phòng trễ sẽ được tính bằng 50% giá phòng một đêm ạ."
LeTan_QuyTrinhCheckIn,"Khi đến làm thủ tục nhận phòng, tôi cần mang theo những giấy tờ gì?","Khi làm thủ tục nhận phòng, Quý khách vui lòng xuất trình Căn cước công dân hoặc Hộ chiếu và thông tin đặt phòng để lễ tân hỗ trợ nhanh chóng ạ."
LeTan_QuyTrinhCheckIn,Khách sạn yêu cầu đặt cọc bao nhiêu phần trăm khi đặt phòng?,"Dạ, Quý khách cần đặt cọc 30% hoặc thanh toán đủ 100% giá trị đặt phòng để đảm bảo việc giữ phòng được xác nhận ạ."
LeTan_QuyTrinhCheckIn,Tôi có thể thanh toán tiền phòng bằng những hình thức nào?,"Khách sạn hỗ trợ đa dạng phương thức thanh toán bao gồm VNPay, Momo, chuyển khoản ngân hàng, thẻ Visa/Master Card và tiền mặt ạ."
LeTan_QuyTrinhCheckIn,Lễ tân có hỗ trợ đặt phòng trực tiếp tại quầy nếu tôi chưa đặt trước không?,"Dạ có, lễ tân luôn sẵn sàng hỗ trợ Quý khách làm thủ tục nhận phòng trực tiếp (walk-in) dựa trên tình trạng phòng trống thực tế tại thời điểm đó ạ."
LeTan_QuyTrinhCheckIn,Làm thế nào để lễ tân xử lý yêu cầu gia hạn thời gian lưu trú của tôi?,"Quý khách vui lòng liên hệ trực tiếp tại quầy lễ tân hoặc gọi 0236 999 8888, nhân viên sẽ kiểm tra lịch trống và hỗ trợ gia hạn cho Quý khách ạ."
LeTan_QuyTrinhCheckIn,Tôi muốn đổi sang loại phòng khác sau khi đã nhận phòng thì có được không?,"Dạ, Quý khách có thể yêu cầu đổi phòng. Lễ tân sẽ hỗ trợ kiểm tra phòng mới và thực hiện chuyển phòng, sau đó bộ phận buồng phòng sẽ tiến hành dọn dẹp phòng cũ ạ."
LeTan_QuyTrinhCheckIn,Tôi cần thao tác gì trên hệ thống để thực hiện quy trình check-in cho khách mới?,"Anh/Chị cần tra cứu đơn đặt phòng, thu hồi số tiền cọc còn lại, sau đó cập nhật trạng thái phòng từ 'Trong' sang 'Đang ở' trên hệ thống ạ."
LeTan_QuyTrinhCheckIn,Quy trình xử lý trả phòng (check-out) trên phần mềm nội bộ gồm những bước nào?,"Anh/Chị thực hiện tất toán các dịch vụ phát sinh, sau đó cập nhật trạng thái phòng từ 'Đang ở' sang 'Đang dọn dẹp' để bộ phận buồng phòng nhận thông báo ạ."
LeTan_QuyTrinhCheckIn,"Khi khách hàng yêu cầu hủy phòng, tôi cần căn cứ vào đâu để xử lý tiền cọc?","Anh/Chị cần căn cứ vào chính sách: hoàn 100% nếu trước 7 ngày, hoàn 50% từ 3-7 ngày và mất cọc nếu dưới 3 ngày để xử lý đơn trên hệ thống ạ."
LeTan_QuyTrinhCheckIn,Làm sao để giao việc dọn dẹp phòng cho nhân viên buồng phòng trên hệ thống?,"Anh/Chị truy cập chức năng lập đơn giao việc, chọn phòng cần dọn, phân công nhân viên thực hiện và ghi chú các yêu cầu đặc biệt nếu có ạ."
LeTan_QuyTrinhCheckIn,Tôi có thể tra cứu thông tin đặt phòng của khách bằng những cách nào?,"Anh/Chị có thể dễ dàng tra cứu đơn đặt phòng trên hệ thống thông qua mã đơn hàng, tên khách hàng hoặc số điện thoại đã đăng ký ạ."
TinhHuong_PhongCoVanDe,"Tôi thấy điều hòa trong phòng không mát, tôi cần liên hệ ai để hỗ trợ?","Dạ, Quý khách vui lòng liên hệ lễ tân qua số hotline 0236 999 8888 hoặc nhấn phím gọi tại điện thoại trong phòng. Bộ phận kỹ thuật sẽ có mặt ngay để kiểm tra và xử lý cho Quý khách ạ."
TinhHuong_PhongCoVanDe,Phòng của tôi gặp sự cố mất điện đột ngột thì phải làm sao?,"Quý khách vui lòng kiểm tra lại thẻ từ trong khe cắm điện. Nếu vẫn không có điện, xin Quý khách liên hệ ngay hotline 0236 999 8888 để nhân viên khách sạn hỗ trợ kiểm tra nguồn điện trong phòng ngay lập tức ạ."
TinhHuong_PhongCoVanDe,Tôi làm mất chìa khóa phòng thì có bị tính phí không và cần báo cho ai?,"Quý khách vui lòng thông báo ngay cho lễ tân tại quầy hoặc qua hotline 0236 999 8888 để chúng tôi khóa thẻ cũ và cấp thẻ mới, đảm bảo an toàn cho tài sản của Quý khách ạ. Về phí làm lại thẻ, khách sạn sẽ thông báo cụ thể dựa trên chính sách nội bộ tùy thời điểm ạ."
TinhHuong_PhongCoVanDe,"Tôi phát hiện phòng chưa được dọn sạch sẽ khi mới nhận phòng, khách sạn xử lý thế nào?","StarStay Hotel rất xin lỗi về trải nghiệm không tốt này ạ. Quý khách vui lòng phản hồi ngay cho lễ tân qua hotline 0236 999 8888, chúng tôi sẽ cử nhân viên buồng phòng lên dọn dẹp ưu tiên hoặc đổi phòng khác cho Quý khách ngay lập tức ạ."
TinhHuong_PhongCoVanDe,Nếu tôi gặp vấn đề về đường ống nước trong phòng tắm thì liên hệ ai?,"Quý khách hãy gọi ngay cho lễ tân theo số 0236 999 8888 ạ. Khách sạn luôn có đội ngũ kỹ thuật túc trực 24/7 để khắc phục các sự cố về đường nước, đảm bảo sinh hoạt của Quý khách không bị gián đoạn ạ."
TinhHuong_PhongCoVanDe,"Tôi thấy đồ đạc trong phòng có dấu hiệu bị hỏng, tôi có phải chịu trách nhiệm đền bù không?","Nếu sự cố hư hỏng do lỗi khách quan của thiết bị, Quý khách hoàn toàn không phải chịu trách nhiệm ạ. Xin Quý khách vui lòng báo ngay cho lễ tân qua hotline 0236 999 8888 để chúng tôi kịp thời sửa chữa hoặc thay thế cho Quý khách ạ."
TinhHuong_PhongCoVanDe,"Khách ở phòng bên cạnh gây ồn ào ảnh hưởng đến giấc ngủ của tôi, tôi nên làm gì?","Rất xin lỗi Quý khách vì sự bất tiện này ạ. Quý khách vui lòng liên hệ hotline 0236 999 8888, bộ phận an ninh của chúng tôi sẽ lập tức đến kiểm tra và nhắc nhở các phòng xung quanh để đảm bảo không gian nghỉ ngơi yên tĩnh cho Quý khách ạ."
TinhHuong_PhongCoVanDe,"Tôi vô tình làm đổ nước ra thảm phòng, tôi có cần báo cho bộ phận nào không?",Quý khách vui lòng thông báo cho lễ tân qua số 0236 999 8888 ạ. Chúng tôi sẽ cử nhân viên buồng phòng đến xử lý vệ sinh ngay để tránh vết bẩn lưu lại hoặc gây mùi khó chịu trong phòng của Quý khách ạ.
TinhHuong_PhongCoVanDe,"Tôi bị mất đồ cá nhân trong phòng, khách sạn sẽ giúp tôi giải quyết như thế nào?","Quý khách vui lòng giữ nguyên hiện trường và liên hệ ngay hotline 0236 999 8888 ạ. Khách sạn có hệ thống camera an ninh hành lang và quy trình kiểm soát chặt chẽ, chúng tôi sẽ phối hợp cùng Quý khách rà soát lại thông tin ngay lập tức ạ."
TinhHuong_PhongCoVanDe,"Nếu tôi cảm thấy không thoải mái với vị trí phòng hiện tại, tôi có thể đổi sang phòng khác không?","Dạ, Quý khách vui lòng liên hệ trực tiếp lễ tân qua hotline 0236 999 8888 ạ. Tùy vào tình trạng phòng trống thực tế tại thời điểm đó, chúng tôi sẽ hỗ trợ Quý khách chuyển sang phòng khác phù hợp hơn ạ."
LeTan_DatPhongWalkIn,Tôi muốn đến trực tiếp khách sạn để đặt phòng mà không cần đặt trước qua mạng thì có được không?,"Dạ được ạ. Quý khách có thể đến trực tiếp quầy lễ tân để đặt phòng (walk-in). Tuy nhiên, để đảm bảo còn loại phòng ưng ý, Quý khách nên liên hệ trước qua hotline 0236 999 8888 ạ."
LeTan_DatPhongWalkIn,"Khi đến đặt phòng trực tiếp tại quầy, tôi cần cung cấp những giấy tờ gì?","Dạ, Quý khách vui lòng cung cấp Căn cước công dân hoặc Hộ chiếu còn hiệu lực để nhân viên lễ tân làm thủ tục đăng ký lưu trú theo quy định ạ."
LeTan_DatPhongWalkIn,Khách sạn có yêu cầu đặt cọc khi tôi đặt phòng trực tiếp tại sảnh không?,"Dạ có ạ. Để xác nhận đặt phòng tại quầy, Quý khách vui lòng đặt cọc 30% tổng giá trị tiền phòng hoặc thanh toán đủ 100% chi phí lưu trú ạ."
LeTan_DatPhongWalkIn,Tôi có thể thanh toán tiền phòng bằng những hình thức nào tại quầy lễ tân?,"Dạ, StarStay Hotel chấp nhận đa dạng các hình thức thanh toán bao gồm: tiền mặt, chuyển khoản ngân hàng, ví điện tử Momo, VNPay hoặc thẻ Visa/Master Card ạ."
LeTan_DatPhongWalkIn,Nếu tôi đến khách sạn vào buổi sáng trước giờ check-in thì có thể làm thủ tục đặt phòng ngay không?,"Dạ được ạ. Nếu thời điểm Quý khách đến có phòng trống, lễ tân sẽ hỗ trợ làm thủ tục nhận phòng ngay. Nếu chưa có phòng, Quý khách có thể gửi hành lý tại lễ tân để đi tham quan trước ạ."
LeTan_DatPhongWalkIn,Nhân viên lễ tân thực hiện các bước nào trên hệ thống khi tôi đặt phòng walk-in?,"Dạ, nhân viên lễ tân sẽ tạo đơn đặt phòng mới với nguồn 'WalkIn', tiến hành thu tiền cọc hoặc thanh toán đầy đủ, sau đó cập nhật trạng thái phòng từ 'Trong' sang 'DangO' trên hệ thống ạ."
LeTan_DatPhongWalkIn,Tôi muốn đặt phòng trực tiếp nhưng muốn biết giá niêm yết của các loại phòng hiện có?,"Dạ, giá phòng tại StarStay Hotel như sau: Tiêu chuẩn 800.000đ, Cao cấp 1.500.000đ, Suite 2.500.000đ và Gia đình 3.500.000đ mỗi đêm. Nhân viên lễ tân sẽ tư vấn chi tiết loại phòng phù hợp nhất với nhu cầu của Quý khách ạ."
LeTan_DatPhongWalkIn,Lễ tân có hỗ trợ đổi phòng cho tôi nếu tôi đặt trực tiếp nhưng muốn thay đổi loại phòng sau đó không?,Dạ có ạ. Nhân viên lễ tân sẽ kiểm tra tình trạng phòng trống trên hệ thống để hỗ trợ Quý khách chuyển sang loại phòng mong muốn và cập nhật trạng thái phòng mới sang 'DangO' ạ.
LeTan_DatPhongWalkIn,Quy trình xử lý đối với khách đặt trực tiếp muốn gia hạn thời gian lưu trú là gì?,"Dạ, Quý khách chỉ cần thông báo với lễ tân. Nhân viên sẽ kiểm tra tình trạng phòng trên hệ thống, thực hiện gia hạn và cập nhật chi phí phát sinh cho Quý khách ạ."
LeTan_DatPhongWalkIn,Nếu tôi đặt phòng walk-in nhưng sau đó muốn hủy thì chính sách hoàn tiền như thế nào?,"Dạ, nếu Quý khách hủy trước 7 ngày sẽ được hoàn 100%, từ 3-7 ngày hoàn 50%, và dưới 3 ngày sẽ mất tiền cọc ạ. Lễ tân sẽ hỗ trợ xử lý thủ tục này trên hệ thống theo đúng quy định ạ."
TinhHuong_QuenMatKhauWifi,Tôi quên mật khẩu wifi của khách sạn thì phải làm thế nào?,"Dạ, Quý khách vui lòng kiểm tra thông tin trên thẻ chìa khóa phòng hoặc bảng hướng dẫn đặt tại bàn làm việc trong phòng ạ. Nếu vẫn không thấy, Quý khách có thể liên hệ lễ tân qua số hotline 0236 999 8888 để được hỗ trợ ngay lập tức."
TinhHuong_QuenMatKhauWifi,Làm sao để tôi lấy lại mật khẩu wifi khi đã lỡ quên mất?,"Dạ, hệ thống wifi tại StarStay Hotel không yêu cầu mật khẩu phức tạp. Nếu thiết bị của Quý khách yêu cầu xác thực, vui lòng kết nối vào mạng 'StarStay_Guest', sau đó nhập số phòng và họ tên để truy cập ạ."
TinhHuong_QuenMatKhauWifi,"Tôi không tìm thấy mật khẩu wifi trong phòng, tôi nên hỏi ai?","Dạ, rất xin lỗi vì sự bất tiện này. Quý khách vui lòng gọi đến lễ tân theo số 0236 999 8888 hoặc nhấn phím gọi lễ tân trên điện thoại bàn trong phòng, nhân viên sẽ cung cấp thông tin đăng nhập cho Quý khách ngay ạ."
TinhHuong_QuenMatKhauWifi,Wifi tại khách sạn có cần mật khẩu không hay tôi có thể truy cập trực tiếp?,"Dạ, wifi tại StarStay Hotel hoàn toàn miễn phí cho khách lưu trú. Quý khách chỉ cần chọn mạng 'StarStay_Guest' và làm theo hướng dẫn trên màn hình chào mừng là có thể kết nối thành công ạ."
TinhHuong_QuenMatKhauWifi,Có cách nào để tôi tự khôi phục kết nối wifi nếu quên thông tin đăng nhập không?,"Dạ, Quý khách vui lòng thử chọn 'Quên mạng' (Forget network) trên thiết bị, sau đó kết nối lại. Nếu vẫn cần thông tin đăng nhập, Quý khách hãy liên hệ trực tiếp lễ tân qua số 0236 999 8888 để chúng tôi kiểm tra lại giúp Quý khách ạ."
TinhHuong_QuenMatKhauWifi,"Tôi đang ở khu vực hồ bơi và không nhớ mật khẩu wifi, tôi phải làm sao?","Dạ, wifi của khách sạn được phủ sóng toàn bộ khu vực hồ bơi. Quý khách có thể sử dụng cùng mật khẩu hoặc tên đăng nhập như tại phòng nghỉ. Nếu gặp khó khăn, Quý khách hãy liên hệ nhân viên tại quầy bar hồ bơi hoặc gọi 0236 999 8888 để được hỗ trợ ạ."
TinhHuong_QuenMatKhauWifi,Tại sao tôi không thể kết nối wifi dù đã thử mật khẩu tôi nhớ?,"Dạ, có thể Quý khách đang nhập sai thông tin hoặc phiên đăng nhập đã hết hạn. Quý khách vui lòng thử khởi động lại wifi trên thiết bị. Nếu sự cố vẫn tiếp diễn, Quý khách hãy gọi hotline 0236 999 8888 để lễ tân hỗ trợ reset kết nối cho Quý khách ạ."
TinhHuong_QuenMatKhauWifi,Tôi có thể yêu cầu nhân viên đến tận phòng để hỗ trợ cài đặt wifi được không?,"Dạ được ạ. Nếu Quý khách gặp khó khăn trong việc kết nối, vui lòng thông báo qua số 0236 999 8888, chúng tôi sẽ cử nhân viên kỹ thuật đến hỗ trợ Quý khách ngay lập tức ạ."
TinhHuong_QuenMatKhauWifi,Mật khẩu wifi có thay đổi theo từng ngày không?,"Dạ không ạ, mật khẩu wifi của Quý khách sẽ có hiệu lực trong suốt thời gian lưu trú tại khách sạn. Nếu Quý khách không thể truy cập, vui lòng liên hệ 0236 999 8888 để lễ tân kiểm tra trạng thái tài khoản của Quý khách ạ."
TinhHuong_QuenMatKhauWifi,"Tôi lỡ tay xóa mất cấu hình wifi trên điện thoại, làm sao để kết nối lại?","Dạ, Quý khách chỉ cần tìm lại tên mạng 'StarStay_Guest' trong danh sách wifi của điện thoại và thực hiện đăng nhập lại. Nếu cần hỗ trợ chi tiết hơn, Quý khách đừng ngần ngại gọi đến số 0236 999 8888 để lễ tân hướng dẫn ạ."
LeTan_ThuTienConLai,"Khi nhận phòng, tôi cần thanh toán số tiền còn lại như thế nào?","Khi làm thủ tục nhận phòng, Quý khách vui lòng thanh toán số tiền còn lại bằng tiền mặt, chuyển khoản, thẻ Visa/Master Card hoặc qua ứng dụng VNPay/Momo tại quầy lễ tân ạ."
LeTan_ThuTienConLai,"Tôi đã đặt cọc trước, vậy khi đến khách sạn tôi phải đóng bao nhiêu tiền nữa?","Dạ, nếu Quý khách đã đặt cọc 30% thì khi đến nhận phòng, Quý khách vui lòng thanh toán 70% giá trị còn lại của đơn hàng ạ."
LeTan_ThuTienConLai,Khách sạn có chấp nhận thanh toán số tiền còn lại bằng thẻ tín dụng không?,"Dạ có, StarStay Hotel chấp nhận thanh toán tiền phòng còn lại thông qua thẻ Visa hoặc Master Card tại quầy lễ tân ạ."
LeTan_ThuTienConLai,Tôi muốn thanh toán nốt tiền phòng bằng hình thức chuyển khoản ngân hàng có được không?,"Hoàn toàn được ạ. Quý khách có thể thực hiện chuyển khoản số tiền còn lại tại quầy lễ tân, nhân viên của chúng tôi sẽ hướng dẫn thông tin tài khoản cụ thể cho Quý khách ạ."
LeTan_ThuTienConLai,Việc hoàn tất thanh toán tiền phòng còn lại diễn ra tại đâu?,Quý khách vui lòng hoàn tất việc thanh toán số tiền còn lại tại quầy lễ tân ngay khi làm thủ tục check-in nhận phòng ạ.
LeTan_ThuTienConLai,Nếu tôi thanh toán toàn bộ 100% tiền phòng từ trước thì khi đến nơi có cần đóng thêm phí gì không?,"Dạ, nếu Quý khách đã thanh toán đủ 100% trước đó thì khi đến nhận phòng, Quý khách không cần thanh toán thêm phí phòng nữa ạ. Tuy nhiên, nếu có phát sinh dịch vụ sử dụng thêm, Quý khách sẽ thanh toán khi trả phòng ạ."
LeTan_ThuTienConLai,Tôi có thể thanh toán tiền phòng còn lại bằng ví điện tử Momo được không?,"Dạ được ạ, chúng tôi hỗ trợ thanh toán số tiền còn lại qua ví điện tử Momo ngay tại quầy lễ tân để thuận tiện cho Quý khách."
LeTan_ThuTienConLai,Nhân viên lễ tân sẽ làm gì để xác nhận tôi đã hoàn thành việc thanh toán tiền phòng?,"Sau khi Quý khách thanh toán số tiền còn lại, nhân viên lễ tân sẽ xác nhận trên hệ thống, cập nhật trạng thái đơn phòng thành 'Đang ở' và gửi xác nhận thanh toán cho Quý khách ạ."
LeTan_ThuTienConLai,"Nếu tôi đến nhận phòng nhưng chưa chuẩn bị đủ tiền mặt, tôi phải làm sao?","Quý khách hoàn toàn có thể yên tâm, chúng tôi hỗ trợ đa dạng phương thức thanh toán như chuyển khoản, thẻ ngân hàng hoặc các ví điện tử như VNPay/Momo tại quầy ạ."
LeTan_ThuTienConLai,Quy trình lễ tân xử lý thu tiền còn lại tại quầy như thế nào?,"Lễ tân sẽ tra cứu đơn đặt phòng của Quý khách, kiểm tra số tiền cọc đã nhận, yêu cầu thanh toán phần còn lại và sau đó thực hiện thao tác 'Check-in' trên hệ thống quản lý để chuyển trạng thái phòng ạ."
LeTan_ThuTienConLai,Tôi có thể yêu cầu xuất hóa đơn sau khi đã thanh toán tiền phòng còn lại không?,"Dạ có, sau khi Quý khách thanh toán hoàn tất, Quý khách vui lòng cung cấp thông tin cho lễ tân để chúng tôi hỗ trợ xuất hóa đơn cho Quý khách ạ."
LeTan_ThuTienConLai,"Nếu tôi đặt phòng qua đại lý, tôi có cần đóng thêm tiền tại khách sạn không?","Dạ, điều này phụ thuộc vào thỏa thuận giữa Quý khách và đại lý. Nếu đơn hàng chưa được thanh toán đủ 100%, Quý khách vui lòng thanh toán phần còn lại tại quầy lễ tân khi làm thủ tục nhận phòng ạ."
LeTan_GiaHanLuuTru,Tôi muốn ở lại khách sạn lâu hơn dự định thì cần làm gì?,"Dạ, Quý khách vui lòng liên hệ trực tiếp tại quầy lễ tân hoặc gọi hotline 0236 999 8888 để nhân viên kiểm tra tình trạng phòng trống và hỗ trợ Quý khách gia hạn thời gian lưu trú ạ."
LeTan_GiaHanLuuTru,Nếu tôi muốn kéo dài thời gian lưu trú thêm một ngày thì quy trình thực hiện như thế nào?,"Quý khách chỉ cần thông báo với bộ phận lễ tân trước giờ trả phòng. Sau khi kiểm tra hệ thống, lễ tân sẽ cập nhật đơn đặt phòng và hỗ trợ Quý khách thanh toán phần phí phát sinh ạ."
LeTan_GiaHanLuuTru,Khách sạn có cho phép tôi gia hạn phòng vào phút chót nếu chưa kịp dọn đồ không?,"Dạ, chúng tôi luôn ưu tiên hỗ trợ Quý khách. Tuy nhiên, việc gia hạn phụ thuộc vào tình trạng phòng trống tại thời điểm đó, Quý khách vui lòng liên hệ sớm với lễ tân để được hỗ trợ tốt nhất ạ."
LeTan_GiaHanLuuTru,Tôi có thể gia hạn lưu trú qua điện thoại được không?,"Dạ được ạ. Quý khách có thể gọi đến số 0236 999 8888, lễ tân sẽ kiểm tra thông tin đơn hàng và xác nhận gia hạn cho Quý khách sau khi hoàn tất thanh toán phần phí phát sinh."
LeTan_GiaHanLuuTru,"Khi gia hạn thêm ngày lưu trú, tôi có cần phải chuyển sang phòng khác không?","Nếu loại phòng Quý khách đang sử dụng vẫn còn trống cho ngày tiếp theo, Quý khách có thể tiếp tục ở lại phòng cũ. Trong trường hợp phòng đã được khách khác đặt trước, lễ tân sẽ hỗ trợ Quý khách chuyển sang phòng mới tương đương ạ."
LeTan_GiaHanLuuTru,Lễ tân thực hiện thao tác gia hạn lưu trú trên phần mềm như thế nào?,"Lễ tân sẽ tìm kiếm mã đơn đặt phòng hiện tại, điều chỉnh lại ngày trả phòng trên hệ thống, xác nhận lại giá tiền và thu thêm phí lưu trú (nếu có) để cập nhật trạng thái đơn hàng ạ."
LeTan_GiaHanLuuTru,"Tôi muốn gia hạn lưu trú nhưng đã thanh toán hết tiền phòng từ trước, tôi cần làm gì?","Quý khách chỉ cần liên hệ lễ tân để xác nhận số ngày muốn gia hạn. Lễ tân sẽ tạo thêm phần phí phát sinh cho những ngày ở thêm và Quý khách có thể thanh toán trực tiếp tại quầy bằng các hình thức như VNPay, thẻ hoặc tiền mặt ạ."
LeTan_GiaHanLuuTru,Việc gia hạn phòng có ảnh hưởng đến chính sách giá ưu đãi tôi đã đặt trước đó không?,"Dạ, giá gia hạn sẽ được tính theo giá phòng tại thời điểm Quý khách yêu cầu ở thêm. Quý khách vui lòng liên hệ lễ tân để được nhân viên tư vấn cụ thể về mức giá áp dụng ạ."
LeTan_GiaHanLuuTru,"Nếu tôi gia hạn phòng vào ngày lễ, khách sạn có thu thêm phí phụ thu không?",Thông thường giá phòng sẽ áp dụng theo chính sách hiện hành. Quý khách vui lòng liên hệ trực tiếp lễ tân qua hotline 0236 999 8888 để được báo giá chính xác nhất cho thời điểm lưu trú ạ.
LeTan_GiaHanLuuTru,Làm sao để nhân viên lễ tân nắm được yêu cầu gia hạn của tôi một cách nhanh nhất?,"Để được xử lý nhanh chóng, Quý khách nên cung cấp mã đặt phòng hoặc số điện thoại đăng ký khi liên hệ với lễ tân, chúng tôi sẽ cập nhật ngay vào hệ thống quản lý nội bộ ạ."
LeTan_GiaHanLuuTru,Tôi có thể thanh toán phí gia hạn lưu trú bằng chuyển khoản ngân hàng không?,"Dạ được ạ. Quý khách có thể thanh toán bằng chuyển khoản, VNPay, Momo hoặc thẻ tín dụng khi thực hiện thủ tục gia hạn tại quầy lễ tân."
LeTan_GiaHanLuuTru,Lễ tân cần lưu ý gì khi khách hàng yêu cầu gia hạn lưu trú?,"Lễ tân cần kiểm tra tính khả dụng của phòng trên hệ thống, thông báo giá phòng mới (nếu có thay đổi), thực hiện thu phí phát sinh và cập nhật chính xác ngày trả phòng mới trên hệ thống quản lý ạ."
LeTan_ChuyenPhong,Tôi muốn chuyển sang phòng khác trong thời gian lưu trú tại StarStay Hotel thì phải làm sao?,"Dạ, Quý khách vui lòng liên hệ trực tiếp tại quầy lễ tân để nhân viên hỗ trợ kiểm tra tình trạng phòng trống và làm thủ tục chuyển phòng cho mình ạ."
LeTan_ChuyenPhong,Nếu tôi muốn đổi sang loại phòng cao cấp hơn so với phòng đã đặt ban đầu thì quy trình như thế nào?,"Quý khách vui lòng đến quầy lễ tân để nhân viên kiểm tra tính khả dụng của loại phòng mới. Sau khi xác nhận, lễ tân sẽ hỗ trợ Quý khách thanh toán phần chênh lệch giá và cập nhật lại thông tin lưu trú trên hệ thống ạ."
LeTan_ChuyenPhong,"Tôi đang ở phòng Tiêu chuẩn nhưng muốn đổi sang phòng có view biển, khách sạn có hỗ trợ không?",Dạ có ạ. Quý khách vui lòng đến gặp lễ tân để kiểm tra phòng Cao cấp còn trống. Nhân viên sẽ hỗ trợ Quý khách chuyển phòng và tính phí chênh lệch theo giá niêm yết của từng hạng phòng ạ.
LeTan_ChuyenPhong,Có phát sinh chi phí gì khi tôi yêu cầu chuyển sang phòng khác không?,"Việc chuyển phòng sẽ phụ thuộc vào hạng phòng Quý khách chọn. Nếu Quý khách chuyển sang hạng phòng có giá cao hơn, Quý khách vui lòng thanh toán phần chênh lệch. Lễ tân sẽ thông báo cụ thể chi phí cho Quý khách trước khi thực hiện chuyển ạ."
LeTan_ChuyenPhong,Tại sao tôi không thể tự ý đổi phòng mà phải thông qua lễ tân?,"Để đảm bảo an ninh và quản lý đúng tình trạng phòng (như trạng thái dọn dẹp, tình trạng phòng đã có khách), mọi yêu cầu chuyển phòng cần được thực hiện thông qua hệ thống của lễ tân để cập nhật trạng thái phòng từ 'Đang ở' sang 'Đang dọn dẹp' và ngược lại ạ."
LeTan_ChuyenPhong,"Sau khi tôi yêu cầu chuyển phòng, bộ phận buồng phòng có cần kiểm tra lại phòng cũ không?","Dạ có ạ. Sau khi Quý khách xác nhận chuyển phòng, lễ tân sẽ lập đơn giao việc cho bộ phận buồng phòng để kiểm tra, dọn dẹp và chuẩn bị phòng mới cho Quý khách theo quy trình của khách sạn ạ."
LeTan_ChuyenPhong,Tôi có thể yêu cầu chuyển sang phòng yên tĩnh hơn không?,Dạ được ạ. Quý khách vui lòng trao đổi mong muốn này với nhân viên lễ tân. Chúng tôi sẽ ưu tiên kiểm tra và sắp xếp phòng phù hợp nhất với yêu cầu của Quý khách nếu khách sạn còn phòng trống ạ.
LeTan_ChuyenPhong,"Nếu phòng tôi chuyển đến chưa được dọn dẹp sẵn sàng, tôi phải làm gì?","Lễ tân sẽ luôn đảm bảo phòng đã được dọn dẹp sạch sẽ trước khi bàn giao cho Quý khách. Trong trường hợp có sơ suất, Quý khách vui lòng báo ngay cho lễ tân qua hotline 0236 999 8888 để chúng tôi xử lý ưu tiên ạ."
LeTan_ChuyenPhong,Tôi có thể chuyển phòng vào ban đêm không?,"Dạ có ạ. Lễ tân của StarStay Hotel luôn túc trực 24/7 để hỗ trợ mọi nhu cầu của Quý khách, bao gồm cả việc chuyển phòng vào bất kỳ thời điểm nào trong ngày ạ."
LeTan_ChuyenPhong,Lễ tân thực hiện thao tác chuyển phòng trên hệ thống như thế nào?,Đây là thao tác nghiệp vụ nội bộ: Lễ tân sẽ cập nhật phòng cũ sang trạng thái 'Đang dọn dẹp' và phòng mới sang trạng thái 'Đang ở' trên hệ thống quản lý để đảm bảo dữ liệu lưu trú luôn chính xác ạ.
LeTan_TraCuuDon,Làm thế nào để tôi tra cứu thông tin đặt phòng tại StarStay Hotel?,"Quý khách có thể tra cứu thông tin đặt phòng bằng cách cung cấp mã đặt phòng, họ tên hoặc số điện thoại cho nhân viên lễ tân tại quầy hoặc liên hệ hotline 0236 999 8888 để được hỗ trợ ạ."
LeTan_TraCuuDon,"Tôi muốn kiểm tra tình trạng đơn đặt phòng của mình, tôi cần cung cấp những thông tin gì?","Để tra cứu đơn đặt phòng nhanh chóng, Quý khách vui lòng cung cấp mã đặt phòng hoặc số điện thoại đã sử dụng khi đăng ký với lễ tân ạ."
LeTan_TraCuuDon,"Tôi quên mất mã đặt phòng, lễ tân có thể tìm lại đơn đặt phòng giúp tôi không?","Dạ được ạ, nhân viên lễ tân của chúng tôi có thể tìm kiếm đơn đặt phòng dựa trên họ tên đầy đủ và số điện thoại của Quý khách trên hệ thống quản lý."
LeTan_TraCuuDon,Làm sao để nhân viên lễ tân xác nhận tôi đã thanh toán đặt cọc cho phòng đã đặt?,"Trên hệ thống quản lý nội bộ, lễ tân sẽ kiểm tra trạng thái thanh toán của đơn hàng dựa trên thông tin giao dịch mà Quý khách đã cung cấp ạ."
LeTan_TraCuuDon,Tôi muốn xem lại chi tiết ngày nhận và trả phòng trong đơn đặt hàng của mình phải làm sao?,"Quý khách có thể yêu cầu nhân viên lễ tân truy xuất thông tin chi tiết của đơn đặt phòng trên hệ thống, bao gồm ngày nhận phòng, ngày trả phòng và loại phòng đã chọn ạ."
LeTan_TraCuuDon,Lễ tân thực hiện thao tác gì trên hệ thống khi tôi đến nhận phòng?,"Khi Quý khách đến, lễ tân sẽ thực hiện tra cứu đơn đặt phòng, hoàn tất thủ tục thu phần tiền cọc còn lại và cập nhật trạng thái đơn hàng từ 'Đang chờ' sang 'Đang ở' trên hệ thống ạ."
LeTan_TraCuuDon,Khi nào thì trạng thái phòng của tôi được cập nhật là 'Đang ở' trên hệ thống?,Trạng thái phòng sẽ được cập nhật thành 'Đang ở' ngay sau khi Quý khách hoàn tất thủ tục nhận phòng và lễ tân xác nhận trên hệ thống quản lý ạ.
LeTan_TraCuuDon,"Nếu tôi muốn gia hạn thời gian lưu trú, lễ tân sẽ kiểm tra đơn cũ của tôi như thế nào?","Lễ tân sẽ tìm lại đơn đặt phòng hiện tại của Quý khách trên hệ thống bằng thông tin cá nhân, sau đó kiểm tra quỹ phòng trống để thực hiện thao tác gia hạn cho Quý khách ạ."
LeTan_TraCuuDon,Nhân viên lễ tân làm sao để biết tôi đã trả phòng để dọn dẹp phòng?,"Sau khi Quý khách hoàn tất thủ tục trả phòng, lễ tân sẽ cập nhật trạng thái phòng từ 'Đang ở' sang 'Đang dọn dẹp' trên hệ thống để bộ phận buồng phòng nắm thông tin ạ."
LeTan_TraCuuDon,Lễ tân có thể tra cứu lịch sử đặt phòng cũ của tôi không?,"Dạ, lễ tân có thể tra cứu lịch sử các đơn đặt phòng trước đây của Quý khách trong cơ sở dữ liệu hệ thống dựa trên thông tin cá nhân của Quý khách ạ."
LeTan_TraCuuDon,Làm thế nào để lễ tân xử lý yêu cầu hủy phòng theo chính sách của khách sạn?,"Lễ tân sẽ tra cứu đơn đặt phòng trên hệ thống, xác định thời gian yêu cầu hủy để áp dụng đúng mức phí hoàn cọc theo chính sách của StarStay Hotel ạ."
LeTan_TraCuuDon,"Nếu tôi muốn chuyển phòng, nhân viên lễ tân cần thao tác gì trên hệ thống?","Lễ tân sẽ cập nhật đơn hàng, chuyển trạng thái phòng cũ sang 'Đang dọn dẹp' và phòng mới sang 'Đang ở' trên hệ thống để đảm bảo việc quản lý được chính xác ạ."
LeTan_XuLyKhachHuy,Tôi muốn hủy đặt phòng thì cần thực hiện như thế nào?,"Dạ, để hủy đặt phòng, Quý khách vui lòng liên hệ trực tiếp hotline 0236 999 8888 hoặc gửi email đến info@starstay.vn để nhân viên lễ tân hỗ trợ Quý khách kiểm tra đơn và thực hiện các thủ tục hoàn cọc theo chính sách ạ."
LeTan_XuLyKhachHuy,Chính sách hoàn tiền khi tôi hủy phòng trước 7 ngày là bao nhiêu?,"Dạ, nếu Quý khách hủy phòng trước thời điểm nhận phòng trên 7 ngày, khách sạn sẽ hoàn trả 100% số tiền cọc cho Quý khách ạ."
LeTan_XuLyKhachHuy,Nếu tôi báo hủy phòng vào khoảng thời gian từ 3 đến 7 ngày trước khi đến thì có được hoàn tiền không?,"Dạ, theo quy định của StarStay Hotel, nếu Quý khách hủy phòng trong khoảng từ 3 đến 7 ngày trước ngày nhận phòng, khách sạn sẽ hoàn lại 50% số tiền cọc ạ."
LeTan_XuLyKhachHuy,"Tôi hủy phòng sát ngày nhận phòng, cụ thể là dưới 3 ngày thì có được nhận lại tiền cọc không?","Dạ, rất tiếc vì chính sách của khách sạn quy định đối với trường hợp hủy phòng dưới 3 ngày trước khi nhận phòng, Quý khách sẽ không được hoàn lại số tiền đã đặt cọc ạ."
LeTan_XuLyKhachHuy,"Khi hủy phòng thành công, tôi sẽ nhận lại tiền bằng cách nào?","Dạ, sau khi lễ tân xác nhận hủy đơn, số tiền hoàn trả sẽ được chuyển lại cho Quý khách qua phương thức thanh toán ban đầu (chuyển khoản, ví điện tử hoặc hoàn thẻ) trong thời gian sớm nhất ạ."
LeTan_XuLyKhachHuy,Tôi muốn thay đổi ngày nhận phòng thay vì hủy đơn có được không?,"Dạ, Quý khách hoàn toàn có thể thay đổi ngày nhận phòng tùy thuộc vào tình trạng phòng trống tại thời điểm đó. Quý khách vui lòng gọi 0236 999 8888 để lễ tân kiểm tra và hỗ trợ đổi lịch giúp Quý khách ạ."
LeTan_XuLyKhachHuy,Làm sao để tôi biết mình đã hủy đặt phòng thành công trên hệ thống?,"Dạ, sau khi nhân viên lễ tân xử lý yêu cầu hủy phòng, khách sạn sẽ gửi thông báo xác nhận qua email hoặc số điện thoại mà Quý khách đã đăng ký khi đặt phòng ạ."
LeTan_XuLyKhachHuy,Khách sạn có thu phí phạt khi tôi hủy phòng không?,"Dạ, việc hoàn tiền khi hủy phòng sẽ dựa trên thời gian báo hủy so với ngày nhận phòng. Nếu Quý khách hủy dưới 3 ngày thì số tiền cọc sẽ được tính là phí phạt hủy phòng ạ."
LeTan_XuLyKhachHuy,"Tôi đã thanh toán 100% tiền phòng, nếu hủy thì quy trình hoàn tiền có khác gì với đặt cọc 30% không?","Dạ, quy trình hoàn tiền vẫn áp dụng theo tỷ lệ % dựa trên thời điểm báo hủy. Số tiền hoàn lại sẽ được tính dựa trên tổng giá trị 100% Quý khách đã thanh toán ạ."
LeTan_XuLyKhachHuy,Nhân viên lễ tân cần thao tác gì trên phần mềm để xử lý một đơn hủy của khách hàng?,"Dạ, lễ tân cần tra cứu đơn theo mã/tên/SĐT, kiểm tra thời điểm hủy so với ngày nhận phòng để áp dụng chính sách, sau đó cập nhật trạng thái đơn hủy và thực hiện hoàn cọc trên hệ thống ạ."
LeTan_XuLyKhachHuy,"Nếu khách hàng muốn hủy phòng do sự cố bất khả kháng, lễ tân có được linh động không?","Dạ, đối với các trường hợp đặc biệt, lễ tân vui lòng ghi chú lại chi tiết và báo cáo với cấp quản lý để được xem xét chính sách hỗ trợ riêng cho từng khách hàng ạ."
LeTan_XuLyKhachHuy,"Khi thực hiện hủy phòng trên hệ thống, lễ tân có cần ghi chú lý do không?","Dạ, có ạ. Lễ tân cần ghi chú rõ lý do hủy của khách hàng vào hệ thống để bộ phận quản lý thuận tiện cho việc truy vết và báo cáo doanh thu sau này ạ."
BuongPhong_NhanViecDonDep,Nhân viên buồng phòng làm thế nào để xem danh sách các phòng cần dọn dẹp trong ngày?,"Anh/Chị vui lòng đăng nhập vào hệ thống quản lý, sau đó truy cập mục 'Công việc của tôi' hoặc 'Danh sách nhiệm vụ' để xem chi tiết các phòng đã được Lễ tân phân công dọn dẹp ạ."
BuongPhong_NhanViecDonDep,Tôi đã dọn phòng xong thì cần thực hiện thao tác gì trên hệ thống?,"Sau khi hoàn tất công việc, Anh/Chị hãy nhấn chọn phòng tương ứng trong danh sách nhiệm vụ và bấm nút 'Báo cáo hoàn thành' để Lễ tân nắm được trạng thái phòng ạ."
BuongPhong_NhanViecDonDep,Làm sao để biết phòng nào là phòng cần dọn gấp do khách check-in sớm?,Anh/Chị có thể theo dõi cột trạng thái hoặc mục 'Ưu tiên' trong hệ thống quản lý công việc. Các phòng cần dọn gấp sẽ được Lễ tân đánh dấu ưu tiên cao để đảm bảo kịp thời gian phục vụ Quý khách ạ.
BuongPhong_NhanViecDonDep,Quy trình xử lý khi phát hiện đồ đạc của khách để quên sau khi dọn phòng là gì?,Anh/Chị cần báo cáo ngay với quản lý bộ phận hoặc Lễ tân để lập biên bản ghi nhận tài sản để quên và lưu kho theo đúng quy định của khách sạn ạ.
BuongPhong_NhanViecDonDep,Lễ tân làm thế nào để giao việc dọn phòng cho nhân viên buồng phòng?,"Lễ tân sẽ thực hiện thao tác lập đơn giao việc trực tiếp trên hệ thống sau khi khách check-out hoặc khi có yêu cầu phát sinh, thông tin này sẽ được cập nhật tức thì tới bộ phận buồng phòng ạ."
BuongPhong_NhanViecDonDep,Tôi cần làm gì nếu phòng được giao dọn gặp sự cố hư hỏng thiết bị?,Anh/Chị hãy ghi chú tình trạng hư hỏng vào phần 'Báo cáo sự cố' trên đơn công việc của phòng đó và thông báo cho bộ phận kỹ thuật để kịp thời sửa chữa ạ.
BuongPhong_NhanViecDonDep,Ai là người chịu trách nhiệm nghiệm thu sau khi nhân viên buồng phòng báo hoàn thành công việc?,Bộ phận Lễ tân hoặc quản lý tầng sẽ thực hiện nghiệm thu dựa trên báo cáo hoàn thành của Anh/Chị trên hệ thống và ghi chú lại quá trình truy vết nếu cần thiết ạ.
BuongPhong_NhanViecDonDep,Hệ thống có lưu lại lịch sử dọn dẹp của từng nhân viên không?,"Có ạ, hệ thống sẽ tự động lưu lại lịch sử thời gian và người thực hiện dọn dẹp cho từng phòng để phục vụ công tác quản lý và kiểm tra chất lượng dịch vụ của khách sạn."
BuongPhong_NhanViecDonDep,Tôi có thể xem lại các ghi chú của nhân viên ca trước về tình trạng phòng không?,Anh/Chị hoàn toàn có thể xem lại các ghi chú hoặc lịch sử truy vết của phòng đó trong phần thông tin chi tiết trên hệ thống để đảm bảo công việc được tiếp nối hiệu quả ạ.
BuongPhong_NhanViecDonDep,"Khi nhân viên buồng phòng báo hoàn thành, trạng thái phòng trên hệ thống sẽ thay đổi như thế nào?","Sau khi Anh/Chị báo hoàn thành và Lễ tân nghiệm thu, trạng thái phòng sẽ được cập nhật từ 'Đang dọn dẹp' sang 'Trống' hoặc 'Sẵn sàng' để tiếp tục phục vụ Quý khách ạ."
BuongPhong_BaoHoanThanh,"Tôi là nhân viên buồng phòng, làm thế nào để báo cáo công việc dọn dẹp đã hoàn tất trên hệ thống?","Quý nhân viên vui lòng đăng nhập vào tài khoản của mình, truy cập vào mục 'Danh sách công việc', chọn đơn hàng tương ứng đã hoàn thành và nhấn nút 'Báo hoàn thành' để cập nhật trạng thái lên hệ thống ạ."
BuongPhong_BaoHoanThanh,Làm sao để tôi xác nhận với lễ tân rằng phòng đã được dọn sạch sau khi khách trả phòng?,"Sau khi hoàn tất công tác vệ sinh, anh/chị hãy cập nhật trạng thái phòng thành 'Đã hoàn thành' trên hệ thống. Lễ tân sẽ nhận được thông báo này để tiến hành nghiệm thu và sẵn sàng đón khách mới ạ."
BuongPhong_BaoHoanThanh,Tôi cần làm gì nếu đã dọn phòng xong nhưng hệ thống không cho phép báo hoàn thành?,Anh/chị vui lòng kiểm tra lại kết nối mạng hoặc liên hệ ngay với bộ phận kỹ thuật/quản lý để được hỗ trợ kiểm tra lỗi hệ thống kịp thời ạ.
BuongPhong_BaoHoanThanh,Có cần gửi thông báo riêng cho lễ tân sau khi tôi đã bấm báo hoàn thành trên ứng dụng không?,"Hệ thống quản lý của chúng ta đã được đồng bộ hóa, khi anh/chị bấm 'Báo hoàn thành', bộ phận lễ tân sẽ tự động nhận được thông tin trên giao diện làm việc của họ, vì vậy anh/chị không cần báo riêng ạ."
BuongPhong_BaoHoanThanh,Khi nào tôi nên thực hiện thao tác báo hoàn thành cho một đơn dọn phòng?,Anh/chị nên thực hiện thao tác báo hoàn thành ngay sau khi đã kiểm tra kỹ chất lượng vệ sinh phòng theo đúng tiêu chuẩn 4 sao của khách sạn để đảm bảo quy trình vận hành chính xác ạ.
BuongPhong_BaoHoanThanh,"Nếu tôi phát hiện hư hỏng trong phòng khi đang dọn dẹp, tôi có nên báo hoàn thành công việc không?","Trong trường hợp này, anh/chị không nên báo hoàn thành vội. Hãy ghi chú tình trạng hư hỏng vào hệ thống hoặc báo ngay cho lễ tân để bộ phận kỹ thuật đến xử lý trước khi đóng đơn ạ."
BuongPhong_BaoHoanThanh,Làm thế nào để tôi xem lại các công việc dọn dẹp mà tôi đã báo hoàn thành trong ngày?,Anh/chị có thể truy cập vào mục 'Lịch sử công việc' hoặc 'Báo cáo cá nhân' trong giao diện người dùng của mình để xem danh sách các phòng đã hoàn thành ạ.
BuongPhong_BaoHoanThanh,Có quy định thời gian tối đa để báo hoàn thành sau khi nhận đơn dọn phòng không?,Mỗi đơn dọn phòng cần được cập nhật trạng thái ngay khi công việc thực tế kết thúc. Việc cập nhật nhanh chóng giúp lễ tân quản lý tình trạng phòng chính xác và chuyên nghiệp hơn ạ.
BuongPhong_BaoHoanThanh,Tôi có thể hủy báo hoàn thành nếu lỡ tay bấm nhầm trên hệ thống không?,"Nếu xảy ra sai sót, anh/chị vui lòng liên hệ ngay với bộ phận quản trị hoặc lễ tân ca trực để được hỗ trợ điều chỉnh trạng thái đơn hàng trên hệ thống ạ."
BuongPhong_BaoHoanThanh,Bộ phận buồng phòng có cần làm gì thêm sau khi lễ tân nghiệm thu đơn hàng?,"Sau khi lễ tân nghiệm thu và đóng đơn, anh/chị chỉ cần tiếp tục thực hiện các nhiệm vụ mới được phân công tiếp theo trong danh sách của mình ạ."
LeTan_DoiTrangThaiPhong,Quy trình chuyển trạng thái phòng từ trống sang đang ở khi khách làm thủ tục nhận phòng như thế nào?,"Để chuyển trạng thái phòng sang 'Đang ở', Quý nhân viên cần truy vấn đơn đặt phòng của khách, thu nốt số tiền cọc còn lại, sau đó chọn thao tác 'Check-in' trên hệ thống để cập nhật trạng thái phòng từ 'Trống' sang 'Đang ở' ạ."
LeTan_DoiTrangThaiPhong,Tôi cần làm gì trên hệ thống khi khách hàng thực hiện thủ tục trả phòng?,"Khi khách trả phòng, Anh/Chị hãy truy cập vào đơn đặt phòng tương ứng và chọn chức năng 'Check-out'. Hệ thống sẽ tự động chuyển trạng thái phòng từ 'Đang ở' sang 'Đang dọn dẹp' để bộ phận buồng phòng nắm thông tin ạ."
LeTan_DoiTrangThaiPhong,Làm thế nào để cập nhật trạng thái phòng khi khách yêu cầu đổi phòng trong quá trình lưu trú?,"Khi thực hiện chuyển phòng, Anh/Chị cần cập nhật phòng cũ sang trạng thái 'Đang dọn dẹp' và phòng mới chuyển sang trạng thái 'Đang ở'. Vui lòng đảm bảo thông tin đơn đặt phòng đã được liên kết chính xác với phòng mới ạ."
LeTan_DoiTrangThaiPhong,"Phòng khách vừa trả xong hiển thị trạng thái 'Đang dọn dẹp', làm sao để chuyển về 'Trống' sau khi đã vệ sinh xong?","Sau khi bộ phận buồng phòng hoàn thành công việc và báo cáo trên hệ thống, Quý nhân viên lễ tân hoặc quản lý có thể nghiệm thu và thực hiện cập nhật trạng thái phòng từ 'Đang dọn dẹp' sang 'Trống' để sẵn sàng đón khách mới ạ."
LeTan_DoiTrangThaiPhong,Lễ tân có thể tự ý thay đổi trạng thái phòng nếu nhầm lẫn không?,"Có, hệ thống cho phép điều chỉnh trạng thái phòng trong trường hợp thao tác nhầm. Tuy nhiên, Anh/Chị cần kiểm tra kỹ tình trạng thực tế của phòng trước khi thay đổi để tránh ảnh hưởng đến việc phân công dọn dẹp ạ."
LeTan_DoiTrangThaiPhong,Làm cách nào để tạo đơn giao việc dọn phòng cho nhân viên buồng phòng sau khi khách check-out?,"Ngay sau khi xác nhận trạng thái phòng chuyển sang 'Đang dọn dẹp', hệ thống sẽ hỗ trợ Anh/Chị lập đơn giao việc (Work Order) để thông báo trực tiếp cho bộ phận buồng phòng thực hiện công tác vệ sinh ạ."
LeTan_DoiTrangThaiPhong,"Khi khách đặt phòng trực tiếp tại quầy (walk-in), trạng thái phòng sẽ được cập nhật như thế nào?","Đối với khách đặt phòng trực tiếp, Anh/Chị tạo đơn mới với nguồn 'WalkIn', sau đó thực hiện thủ tục nhận phòng và hệ thống sẽ tự động chuyển trạng thái phòng từ 'Trống' sang 'Đang ở' ngay khi hoàn tất ạ."
LeTan_DoiTrangThaiPhong,Có cách nào để kiểm tra lịch sử thay đổi trạng thái của một phòng cụ thể không?,"Có ạ, Anh/Chị có thể truy cập vào tính năng quản lý phòng hoặc xem nhật ký (log) của đơn đặt phòng để truy vết toàn bộ lịch sử thay đổi trạng thái từ lúc nhận phòng đến khi dọn dẹp xong."
LeTan_DoiTrangThaiPhong,"Nếu phòng đang ở trạng thái 'Đang dọn dẹp' nhưng chưa được dọn, tôi có thể đổi trạng thái về 'Trống' được không?","Anh/Chị không nên tự ý đổi trạng thái sang 'Trống' khi phòng chưa được vệ sinh thực tế, vì điều này sẽ gây nhầm lẫn cho bộ phận buồng phòng và có thể ảnh hưởng đến khách hàng tiếp theo. Vui lòng liên hệ bộ phận buồng phòng để xác nhận ạ."
LeTan_DoiTrangThaiPhong,Hệ thống có tự động thay đổi trạng thái phòng khi đến giờ check-out không?,"Không ạ, trạng thái phòng chỉ được thay đổi khi nhân viên lễ tân thực hiện thao tác 'Check-out' trên hệ thống. Việc này đảm bảo tính chính xác và giúp lễ tân kiểm soát được các khoản phí phát sinh hoặc dịch vụ cuối cùng của khách."
LeTan_GiaiQuyetKhieuNai,"Tôi không hài lòng về chất lượng phòng, tôi cần phản hồi thì liên hệ ai?","Dạ, StarStay Hotel rất tiếc về trải nghiệm không tốt của Quý khách. Quý khách vui lòng liên hệ ngay lễ tân hoặc gọi hotline 0236 999 8888 để chúng tôi kịp thời xử lý và hỗ trợ đổi phòng hoặc khắc phục sự cố ngay lập tức ạ."
LeTan_GiaiQuyetKhieuNai,Nếu tôi gặp sự cố về thái độ phục vụ của nhân viên thì phải làm sao?,"StarStay Hotel luôn chú trọng thái độ phục vụ. Nếu Anh/Chị không hài lòng, xin hãy phản ánh trực tiếp với bộ phận quản lý tại quầy lễ tân hoặc gửi email về info@starstay.vn để chúng tôi tiếp nhận và giải quyết thỏa đáng ạ."
LeTan_GiaiQuyetKhieuNai,Tôi muốn khiếu nại về tiếng ồn từ phòng bên cạnh vào đêm muộn thì làm thế nào?,"Dạ, Quý khách hãy liên hệ ngay với lễ tân 24/7 qua số 0236 999 8888. Chúng tôi sẽ cử nhân viên an ninh lên kiểm tra và nhắc nhở để đảm bảo không gian yên tĩnh cho kỳ nghỉ của Quý khách ạ."
LeTan_GiaiQuyetKhieuNai,Tại sao phòng của tôi không sạch sẽ khi nhận phòng?,"Dạ, StarStay Hotel thành thật xin lỗi vì sự thiếu sót này. Quý khách vui lòng để lại thông tin số phòng, bộ phận buồng phòng sẽ đến dọn dẹp lại ngay lập tức hoặc chúng tôi sẽ sắp xếp đổi phòng khác tốt hơn cho Quý khách ạ."
LeTan_GiaiQuyetKhieuNai,Tôi muốn gửi khiếu nại bằng văn bản thì gửi vào đâu?,Quý khách có thể gửi phản hồi chi tiết về địa chỉ email info@starstay.vn. Chúng tôi cam kết sẽ xem xét và phản hồi đến Quý khách trong thời gian sớm nhất ạ.
LeTan_GiaiQuyetKhieuNai,Khách sạn có chính sách đền bù như thế nào nếu xảy ra sự cố nghiêm trọng?,"Tùy thuộc vào từng sự cố cụ thể, StarStay Hotel sẽ có phương án xử lý như miễn phí dịch vụ, giảm giá phòng hoặc các hỗ trợ khác để đảm bảo quyền lợi tối đa cho Quý khách. Xin vui lòng liên hệ lễ tân để được giải quyết ạ."
LeTan_GiaiQuyetKhieuNai,"Tôi thấy cơ sở vật chất trong phòng bị hỏng hóc, tôi cần báo ai?","Dạ, Quý khách vui lòng báo ngay cho lễ tân qua số 0236 999 8888. Bộ phận kỹ thuật của khách sạn sẽ có mặt để kiểm tra và sửa chữa hoặc thay mới thiết bị ngay cho Quý khách ạ."
LeTan_GiaiQuyetKhieuNai,"Nếu tôi không hài lòng với bữa sáng buffet, tôi có thể khiếu nại ở đâu?","Dạ, Quý khách có thể góp ý trực tiếp với quản lý nhà hàng hoặc liên hệ lễ tân. Chúng tôi rất trân trọng mọi ý kiến đóng góp để cải thiện chất lượng phục vụ tốt hơn ạ."
LeTan_GiaiQuyetKhieuNai,Quy trình giải quyết khiếu nại tại StarStay Hotel diễn ra trong bao lâu?,"Thông thường, các khiếu nại trực tiếp sẽ được chúng tôi xử lý ngay lập tức tại chỗ. Với các vấn đề cần thời gian kiểm tra, chúng tôi sẽ phản hồi Quý khách trong vòng 24 giờ ạ."
BuongPhong_NghiemThu,Quy trình nghiệm thu phòng sau khi dọn dẹp tại StarStay Hotel diễn ra như thế nào?,"Sau khi nhân viên buồng phòng cập nhật trạng thái hoàn thành trên hệ thống, lễ tân sẽ kiểm tra đơn công việc, tiến hành kiểm tra thực tế tại phòng và xác nhận nghiệm thu để cập nhật trạng thái phòng sẵn sàng đón khách ạ."
BuongPhong_NghiemThu,Làm sao để tôi biết một phòng đã được nghiệm thu sạch sẽ sau khi khách cũ trả phòng?,"Anh/Chị vui lòng kiểm tra trên giao diện quản lý hệ thống, phòng đã nghiệm thu thành công sẽ chuyển từ trạng thái 'Đang dọn dẹp' sang trạng thái 'Trống' để sẵn sàng cho lượt khách tiếp theo ạ."
BuongPhong_NghiemThu,Nhân viên lễ tân có cần ghi chú gì khi thực hiện nghiệm thu phòng không?,"Có ạ, khi nghiệm thu, lễ tân cần ghi chú chi tiết vào hệ thống về tình trạng vật dụng, thiết bị trong phòng để phục vụ công tác truy vết và quản lý tài sản khách sạn."
BuongPhong_NghiemThu,"Nếu phát hiện hỏng hóc hoặc thiếu hụt vật dụng trong lúc nghiệm thu phòng, tôi phải làm gì?",Anh/Chị hãy ghi chú ngay vào biên bản nghiệm thu trên hệ thống nội bộ và lập tức gửi đơn yêu cầu hỗ trợ hoặc báo cho bộ phận kỹ thuật để khắc phục kịp thời trước khi check-in khách mới ạ.
BuongPhong_NghiemThu,Ai là người chịu trách nhiệm chính trong việc nghiệm thu phòng sau khi buồng phòng hoàn thành công việc?,Nhân viên lễ tân là người chịu trách nhiệm chính trong việc nghiệm thu và xác nhận hoàn tất các đơn công việc dọn dẹp do bộ phận buồng phòng thực hiện trên hệ thống ạ.
BuongPhong_NghiemThu,Hệ thống có lưu lại lịch sử người thực hiện nghiệm thu phòng không?,"Có ạ, hệ thống quản lý của StarStay Hotel tự động lưu trữ đầy đủ thông tin về người thực hiện nghiệm thu và thời gian xác nhận để đảm bảo tính minh bạch trong quản lý."
BuongPhong_NghiemThu,Tôi có thể bỏ qua bước nghiệm thu phòng trên hệ thống nếu phòng nhìn bên ngoài đã sạch không?,"Dạ không, việc nghiệm thu và cập nhật trạng thái trên hệ thống là bắt buộc để đảm bảo chất lượng dịch vụ 4 sao của StarStay Hotel và quản lý chính xác trạng thái phòng."
BuongPhong_NghiemThu,Công việc nghiệm thu phòng có ảnh hưởng đến báo cáo doanh thu không?,"Việc nghiệm thu giúp cập nhật trạng thái phòng từ 'Đang dọn dẹp' sang 'Trống', giúp bộ phận lễ tân kịp thời bán phòng, từ đó tối ưu hóa tỷ lệ lấp đầy và doanh thu của khách sạn ạ."
BuongPhong_NghiemThu,Có cần lập đơn giao việc mới nếu phòng nghiệm thu không đạt yêu cầu không?,"Nếu phòng không đạt yêu cầu, Anh/Chị cần ghi chú rõ lỗi vào hệ thống và lập đơn giao việc dọn dẹp lại cho bộ phận buồng phòng để họ xử lý trước khi thực hiện nghiệm thu lần tiếp theo ạ."
BuongPhong_NghiemThu,"Trong trường hợp khách hàng phàn nàn về độ sạch sẽ ngay sau khi nhận phòng, làm sao để truy xuất thông tin nghiệm thu?","Anh/Chị có thể tra cứu mã đơn phòng trong hệ thống nội bộ để xem lại lịch sử dọn dẹp, nhân viên thực hiện và người xác nhận nghiệm thu nhằm xử lý khiếu nại nhanh chóng ạ."
BuongPhong_LeTanGiaoViec,Làm thế nào để bộ phận lễ tân giao việc dọn dẹp cho nhân viên buồng phòng trên hệ thống?,"Quý nhân viên vui lòng truy cập vào phân hệ quản lý, chọn chức năng lập đơn giao việc, sau đó điền thông tin phòng cần dọn và chỉ định nhân viên thực hiện ạ."
BuongPhong_LeTanGiaoViec,Nhân viên buồng phòng cần làm gì sau khi đã hoàn thành công việc dọn dẹp phòng được giao?,"Sau khi hoàn thành công việc, anh/chị vui lòng cập nhật trạng thái 'Đã hoàn thành' trên hệ thống để bộ phận lễ tân nắm bắt và nghiệm thu kịp thời ạ."
BuongPhong_LeTanGiaoViec,Quy trình nghiệm thu công việc buồng phòng của lễ tân được thực hiện như thế nào?,"Lễ tân sẽ kiểm tra lại hiện trạng phòng sau khi nhân viên buồng phòng báo hoàn thành, sau đó thực hiện xác nhận nghiệm thu và ghi chú truy vết nếu cần thiết trên hệ thống ạ."
BuongPhong_LeTanGiaoViec,Tôi có thể xem danh sách các công việc buồng phòng đang được phân công ở đâu?,"Anh/chị vui lòng đăng nhập vào tài khoản nhân viên của mình trên hệ thống, chọn mục 'Công việc của tôi' để xem chi tiết danh sách các nhiệm vụ được giao ạ."
BuongPhong_LeTanGiaoViec,Lễ tân cần thao tác gì khi phòng chuyển từ trạng thái đang ở sang trạng thái cần dọn dẹp?,"Khi khách làm thủ tục trả phòng, lễ tân thực hiện lệnh check-out trên hệ thống, lúc này hệ thống sẽ tự động chuyển trạng thái phòng sang 'Đang dọn dẹp' và thông báo đến bộ phận buồng phòng ạ."
BuongPhong_LeTanGiaoViec,Hệ thống có lưu lại lịch sử người thực hiện dọn dẹp phòng không?,"Có ạ, hệ thống lưu lại chi tiết nhật ký giao việc và người thực hiện nhằm mục đích truy vết và đảm bảo chất lượng dịch vụ phòng tại StarStay Hotel."
BuongPhong_LeTanGiaoViec,Nếu phòng có sự cố hỏng hóc cần sửa chữa thì lễ tân nên tạo đơn như thế nào?,"Lễ tân thực hiện lập đơn giao việc tương tự như dọn phòng, nhưng chọn mục 'Bảo trì/Sửa chữa' và ghi chú rõ lỗi kỹ thuật để bộ phận liên quan xử lý kịp thời ạ."
BuongPhong_LeTanGiaoViec,Nhân viên buồng phòng có thể từ chối hoặc trả lại đơn giao việc không?,"Trong trường hợp không thể thực hiện công việc, anh/chị vui lòng liên hệ trực tiếp với bộ phận lễ tân để được hỗ trợ điều phối lại công việc trên hệ thống ạ."
BuongPhong_LeTanGiaoViec,Lễ tân làm thế nào để biết một phòng đã được dọn dẹp sạch sẽ hay chưa?,"Anh/chị có thể theo dõi trạng thái của phòng trực tiếp trên bảng điều khiển hệ thống, nơi hiển thị thời gian thực về tiến độ công việc của bộ phận buồng phòng ạ."
BuongPhong_LeTanGiaoViec,Hệ thống có hỗ trợ thông báo đẩy khi có đơn giao việc mới cho buồng phòng không?,"Hệ thống sẽ cập nhật đơn mới vào danh sách công việc của nhân viên ngay khi lễ tân xác nhận giao việc, anh/chị vui lòng kiểm tra tài khoản thường xuyên ạ."
HR_ChamCong,Nhân viên thực hiện chấm công hàng ngày như thế nào trên hệ thống?,"Anh/Chị vui lòng đăng nhập vào tài khoản nhân viên, chọn mục Chấm công và nhập thời gian vào/ra ca làm việc thực tế tại hệ thống để quản lý ghi nhận ạ."
HR_ChamCong,Tôi muốn xem lịch làm việc của mình trong tuần này thì xem ở đâu?,"Anh/Chị có thể truy cập vào phân hệ HR trên web quản lý nội bộ, chọn mục Lịch ca làm việc để xem chi tiết các ca sáng, chiều hoặc tối đã được phân công ạ."
HR_ChamCong,Hệ thống có tự động tính tổng số ngày công của tôi không?,"Có ạ, hệ thống sẽ tự động tổng hợp số công dựa trên dữ liệu giờ vào/ra mà Anh/Chị đã thực hiện chấm công hàng ngày trên phần mềm."
HR_ChamCong,Nếu tôi quên chấm công vào ca làm việc thì cần xử lý thế nào?,"Trường hợp quên chấm công, Anh/Chị vui lòng liên hệ trực tiếp với bộ phận nhân sự để được hỗ trợ điều chỉnh bổ sung trên hệ thống kịp thời ạ."
HR_ChamCong,Làm thế nào để đánh dấu nghỉ phép trên phần mềm quản lý?,"Anh/Chị vào mục Hồ sơ nhân viên, chọn chức năng Đăng ký nghỉ phép và điền thông tin ngày nghỉ để hệ thống cập nhật trạng thái chấm công tương ứng ạ."
HR_ChamCong,Sự khác biệt giữa nhân viên chính thức và thời vụ khi chấm công là gì?,"Dù là nhân viên chính thức hay thời vụ, Anh/Chị đều thực hiện chấm công theo quy trình chung trên hệ thống để đảm bảo việc tính công được chính xác ạ."
HR_ChamCong,Tôi muốn biết số ngày phép còn lại của mình thì kiểm tra ở đâu?,Anh/Chị vui lòng kiểm tra tại mục Quản lý hồ sơ nhân viên trong hệ thống nội bộ để xem chi tiết số ngày phép còn lại của mình ạ.
HR_ChamCong,Ai là người có thẩm quyền phê duyệt lịch phân ca cho nhân viên?,"Bộ phận nhân sự sẽ chịu trách nhiệm xếp ca làm việc cho toàn bộ nhân viên trên hệ thống, Anh/Chị có thể theo dõi lịch đã phê duyệt tại mục tương ứng ạ."
HR_ChamCong,Hệ thống chấm công có yêu cầu kết nối mạng nội bộ không?,"Hệ thống quản lý nội bộ yêu cầu kết nối mạng để cập nhật dữ liệu thời gian thực, Anh/Chị đảm bảo đang truy cập đúng đường dẫn quản trị của khách sạn ạ."
HR_ChamCong,Tôi có thể xem lại lịch sử chấm công của các tháng trước không?,"Hoàn toàn được ạ, Anh/Chị truy cập vào mục Báo cáo chấm công cá nhân để tra cứu lịch sử làm việc của các tháng trước đó một cách dễ dàng."
HR_XepCa,Làm thế nào để tôi xem lịch làm việc cá nhân của mình trên hệ thống?,"Anh/Chị vui lòng đăng nhập vào tài khoản nhân viên, sau đó truy cập mục 'Lịch làm việc' tại thanh menu chính để xem chi tiết ca trực được phân công ạ."
HR_XepCa,Tôi muốn biết các ca làm việc tại khách sạn được chia như thế nào?,"Hệ thống quản lý của khách sạn hiện áp dụng 3 khung ca chính bao gồm ca sáng, ca chiều và ca tối. Anh/Chị có thể kiểm tra chi tiết giờ bắt đầu và kết thúc của từng ca trong bảng phân ca trên hệ thống ạ."
HR_XepCa,Nếu tôi muốn đăng ký nghỉ phép thì cần thực hiện thao tác gì trên phần mềm?,"Anh/Chị hãy truy cập vào mục 'Quản lý nhân sự', chọn tính năng 'Đăng ký nghỉ phép' và điền đầy đủ thông tin ngày nghỉ để bộ phận HR phê duyệt ạ."
HR_XepCa,Hệ thống có tự động tính công cho nhân viên không?,"Có ạ, hệ thống sẽ tự động tính số công dựa trên dữ liệu chấm công giờ vào và giờ ra mà Anh/Chị đã thực hiện hàng ngày."
HR_XepCa,Tôi quên chấm công vào giờ làm việc sáng nay thì phải làm sao?,Anh/Chị vui lòng liên hệ trực tiếp với bộ phận HR hoặc quản lý trực tiếp để thực hiện bổ sung thông tin chấm công thủ công lên hệ thống ạ.
HR_XepCa,Làm thế nào để tôi biết mình có thuộc danh sách nhân viên thời vụ hay chính thức?,Thông tin về loại hình hợp đồng nhân sự của Anh/Chị được lưu trữ trong mục 'Hồ sơ nhân viên'. Anh/Chị có thể truy cập vào đó để kiểm tra tình trạng làm việc của mình ạ.
HR_XepCa,Tôi có thể xem bảng chấm công tổng hợp của cả tháng không?,Anh/Chị có thể theo dõi bảng tổng hợp chấm công cá nhân tại mục 'Báo cáo công' trong tài khoản của mình để đảm bảo số liệu chính xác ạ.
HR_XepCa,Ai là người chịu trách nhiệm phân ca làm việc hàng tuần cho nhân viên?,Bộ phận HR là đơn vị chịu trách nhiệm chính trong việc thiết lập và phân bổ lịch làm việc hàng tuần trên hệ thống cho toàn bộ nhân viên ạ.
HR_XepCa,Nếu tôi muốn đổi ca làm việc với đồng nghiệp thì có thao tác được trên web không?,"Hiện tại, việc đổi ca cần được sự đồng ý của quản lý bộ phận. Sau khi được duyệt, Anh/Chị hoặc quản lý sẽ cập nhật thay đổi trực tiếp lên hệ thống quản trị nhân sự ạ."
HR_XepCa,Hệ thống chấm công ghi nhận dựa trên cơ chế nào?,Hệ thống ghi nhận thời gian làm việc dựa trên thao tác nhập giờ vào và giờ ra của Anh/Chị tại giao diện chấm công trên phần mềm nội bộ ạ.
BuongPhong_PhongBaoTri,Tôi phát hiện bóng đèn trong phòng bị hỏng thì phải làm sao?,"Dạ, Quý khách vui lòng liên hệ ngay với lễ tân qua hotline 0236 999 8888 hoặc nhấn nút gọi trên điện thoại bàn trong phòng. Bộ phận buồng phòng và bảo trì sẽ có mặt ngay lập tức để hỗ trợ thay mới cho Quý khách ạ."
BuongPhong_PhongBaoTri,"Điều hòa trong phòng không mát, tôi cần hỗ trợ kỹ thuật ở đâu?","Dạ, rất xin lỗi Quý khách về sự bất tiện này. Quý khách vui lòng gọi lễ tân theo số 0236 999 8888, chúng tôi sẽ cử nhân viên kỹ thuật lên kiểm tra và khắc phục sự cố cho Quý khách ngay ạ."
BuongPhong_PhongBaoTri,Nhân viên buồng phòng có thể lên dọn dẹp vào khung giờ nào?,"Dạ, nhân viên buồng phòng của chúng tôi làm việc hàng ngày để đảm bảo vệ sinh cho Quý khách. Nếu Quý khách cần dọn dẹp vào khung giờ cụ thể, vui lòng báo trước cho lễ tân để chúng tôi sắp xếp lịch trình phù hợp ạ."
BuongPhong_PhongBaoTri,Tôi muốn yêu cầu thêm khăn tắm và bộ vệ sinh cá nhân thì gọi ai?,"Dạ, Quý khách vui lòng liên hệ lễ tân qua số 0236 999 8888. Chúng tôi sẽ nhanh chóng mang bổ sung các vật dụng này đến tận phòng cho Quý khách ạ."
BuongPhong_PhongBaoTri,Thiết bị trong phòng bị hỏng do lỗi sử dụng của tôi thì có bị phạt không?,"Dạ, đối với các trường hợp hư hỏng thiết bị, nhân viên bảo trì sẽ kiểm tra thực tế. Chúng tôi luôn ưu tiên hỗ trợ Quý khách, tuy nhiên nếu có thiệt hại về tài sản, khách sạn sẽ áp dụng chính sách bồi thường theo quy định ạ."
BuongPhong_PhongBaoTri,Làm thế nào để nhân viên buồng phòng biết tôi đang cần dọn phòng?,"Dạ, Quý khách vui lòng treo biển 'Dọn phòng' ở tay nắm cửa phía bên ngoài hoặc nhấn nút yêu cầu dọn dẹp trên bảng điều khiển trong phòng. Nhân viên của chúng tôi sẽ nhìn thấy thông báo và đến hỗ trợ Quý khách ạ."
BuongPhong_PhongBaoTri,Tôi muốn thay ga giường và vỏ gối mới thì khách sạn có hỗ trợ không?,"Dạ, khách sạn StarStay luôn sẵn sàng hỗ trợ thay mới ga giường và vỏ gối theo yêu cầu của Quý khách. Quý khách vui lòng liên hệ lễ tân để chúng tôi sắp xếp nhân viên buồng phòng thực hiện ngay ạ."
BuongPhong_PhongBaoTri,Nhân viên buồng phòng có được phép vào phòng khi tôi không có mặt không?,"Dạ, nhân viên buồng phòng chỉ được phép vào phòng để dọn dẹp khi có yêu cầu hoặc biển báo từ Quý khách. Mọi hoạt động ra vào phòng đều được kiểm soát chặt chẽ nhằm đảm bảo an toàn và riêng tư cho Quý khách ạ."
BuongPhong_PhongBaoTri,"Tôi muốn kiểm tra tình trạng vòi nước trong nhà tắm vì bị rỉ nước, tôi nên báo với bộ phận nào?","Dạ, Quý khách vui lòng báo trực tiếp với lễ tân qua số 0236 999 8888. Bộ phận bảo trì sẽ được điều động ngay lập tức để kiểm tra và xử lý dứt điểm tình trạng này cho Quý khách ạ."
BuongPhong_PhongBaoTri,Khách sạn có dịch vụ sửa chữa đồ cá nhân hay quần áo bị rách không?,"Dạ, chúng tôi hiện chưa cung cấp dịch vụ sửa chữa đồ cá nhân, nhưng chúng tôi có dịch vụ giặt ủi chuyên nghiệp. Nếu Quý khách cần hỗ trợ thêm thông tin, xin vui lòng liên hệ lễ tân để được tư vấn ạ."
BuongPhong_PhongBaoTri,Làm sao để biết đơn yêu cầu sửa chữa phòng của tôi đã được xử lý chưa?,"Dạ, khi Quý khách báo hỏng hóc, nhân viên lễ tân sẽ lập đơn giao việc cho bộ phận bảo trì trên hệ thống. Ngay sau khi hoàn tất, nhân viên sẽ thông báo lại cho Quý khách hoặc lễ tân để xác nhận tình trạng đã sửa xong ạ."
BuongPhong_PhongBaoTri,Nhân viên buồng phòng cần làm gì sau khi nhận được yêu cầu dọn phòng từ lễ tân?,"Dạ, nhân viên buồng phòng sẽ kiểm tra danh sách công việc trên hệ thống, thực hiện dọn dẹp theo tiêu chuẩn khách sạn và cập nhật trạng thái 'Hoàn thành' trên hệ thống để lễ tân nghiệm thu ạ."
HR_NhanVienThoiVu,Nhân viên thời vụ cần làm gì để được tính công trong hệ thống?,Nhân viên thời vụ cần thực hiện chấm công bằng cách nhập giờ vào và giờ ra trên hệ thống quản lý nội bộ để hệ thống tự động tính số công chính xác ạ.
HR_NhanVienThoiVu,"Tôi là nhân viên thời vụ, tôi xem lịch làm việc của mình ở đâu?","Anh/Chị vui lòng truy cập vào mục quản lý nhân sự trên hệ thống nội bộ để xem thông tin xếp ca sáng, chiều hoặc tối đã được phân công ạ."
HR_NhanVienThoiVu,Hồ sơ của nhân viên thời vụ có được lưu trữ trên hệ thống không?,"Có ạ, mọi thông tin hồ sơ của nhân viên thời vụ đều được quản lý tập trung trong hệ thống nhân sự để phục vụ công tác quản lý và chấm công."
HR_NhanVienThoiVu,Nếu tôi nghỉ phép thì cần thao tác gì trên hệ thống?,Anh/Chị cần gửi yêu cầu đánh dấu nghỉ phép trực tiếp trên hệ thống quản lý nhân sự để bộ phận HR phê duyệt và cập nhật vào bảng công ạ.
HR_NhanVienThoiVu,Hệ thống có tự động tính lương cho nhân viên thời vụ không?,"Hệ thống sẽ hỗ trợ tự động tính số công dựa trên giờ vào/ra mà Anh/Chị đã chấm công, dữ liệu này sẽ được HR sử dụng để đối soát lương ạ."
HR_NhanVienThoiVu,Nhân viên thời vụ có được cấp tài khoản để đăng nhập hệ thống không?,"Mỗi nhân viên đều được cấp tài khoản cá nhân gồm email và mật khẩu để đăng nhập, cập nhật thông tin cá nhân và thực hiện các nghiệp vụ công việc ạ."
HR_NhanVienThoiVu,Tôi quên mật khẩu tài khoản nhân viên thì phải làm sao?,Anh/Chị vui lòng sử dụng tính năng quên mật khẩu tại màn hình đăng nhập hoặc liên hệ bộ phận Admin để được hỗ trợ cấp lại mật khẩu mới ạ.
HR_NhanVienThoiVu,Nhân viên thời vụ có được phép xem thông tin của nhân viên chính thức không?,"Hệ thống được thiết lập phân quyền chặt chẽ, Anh/Chị chỉ có thể xem các thông tin liên quan đến ca làm việc và hồ sơ cá nhân của mình thôi ạ."
HR_NhanVienThoiVu,Làm thế nào để cập nhật thay đổi thông tin cá nhân trong hồ sơ nhân viên?,Anh/Chị truy cập vào phần cập nhật thông tin cá nhân trong tài khoản của mình để chỉnh sửa các thông tin cần thiết và lưu lại trên hệ thống ạ.
HR_NhanVienThoiVu,Nếu tôi gặp sự cố không thể chấm công đúng giờ trên hệ thống thì phải làm thế nào?,Anh/Chị vui lòng thông báo ngay cho quản lý trực tiếp hoặc bộ phận HR để được hỗ trợ điều chỉnh giờ công trên hệ thống một cách hợp lệ ạ.
HR_TraCuuNhanVien,Làm thế nào để tôi tra cứu thông tin cá nhân của một nhân viên trong hệ thống?,"Anh/Chị vui lòng truy cập vào phân hệ Quản lý Nhân sự, chọn mục Hồ sơ nhân viên và nhập tên hoặc mã nhân viên vào ô tìm kiếm để xem thông tin chi tiết ạ."
HR_TraCuuNhanVien,Tôi có thể xem danh sách nhân viên đang làm việc theo ca sáng trên hệ thống không?,"Dạ có, Anh/Chị hãy truy cập vào mục Xếp ca, sau đó lọc theo thời gian và ca làm việc để xem danh sách nhân sự tương ứng ạ."
HR_TraCuuNhanVien,Hệ thống có cho phép tra cứu trạng thái nhân viên đang là chính thức hay thời vụ không?,"Có ạ, Anh/Chị có thể kiểm tra trạng thái hợp đồng ngay tại giao diện quản lý hồ sơ nhân viên để biết nhân viên đó là chính thức hay thời vụ."
HR_TraCuuNhanVien,Tôi cần kiểm tra xem một nhân viên đã chấm công vào ca ngày hôm nay chưa thì thao tác thế nào?,"Anh/Chị hãy truy cập vào mục Chấm công, sau đó nhập mã nhân viên hoặc tìm kiếm theo ngày để kiểm tra giờ vào và ra của nhân viên đó ạ."
HR_TraCuuNhanVien,Làm sao để biết nhân viên nào đang được đánh dấu nghỉ phép trong tuần này?,"Anh/Chị vui lòng vào mục Quản lý nghỉ phép trong hệ thống nhân sự, sau đó lọc theo tuần hoặc tháng để xem danh sách nhân viên đang nghỉ phép ạ."
HR_TraCuuNhanVien,Hệ thống có lưu trữ lịch sử làm việc của nhân viên không?,"Dạ có, mọi thông tin về lịch sử công tác và ca làm việc được lưu trữ trong hồ sơ chi tiết của từng nhân viên, Anh/Chị có thể tra cứu tại đó ạ."
HR_TraCuuNhanVien,Tôi muốn xuất báo cáo danh sách nhân viên theo từng bộ phận thì thực hiện ở đâu?,"Anh/Chị hãy truy cập vào mục Hồ sơ nhân viên, chọn bộ lọc theo bộ phận và sử dụng tính năng xuất báo cáo (Export) để lấy thông tin cần thiết ạ."
HR_TraCuuNhanVien,"Tôi quên mã nhân viên, tôi có thể tra cứu thông tin của họ bằng số điện thoại được không?","Dạ được, hệ thống hỗ trợ tìm kiếm bằng nhiều trường thông tin như tên, mã nhân viên hoặc số điện thoại trong phần quản lý nhân sự ạ."
HR_TraCuuNhanVien,Làm thế nào để kiểm tra tổng số công đã tính cho một nhân viên trong tháng?,"Anh/Chị vui lòng vào mục Bảng công, chọn tháng cần xem và tìm tên nhân viên đó để hệ thống hiển thị chi tiết số công đã tự động tính ạ."
HR_TraCuuNhanVien,Nếu cần cập nhật thông tin mới cho hồ sơ nhân viên thì tôi phải làm sao?,"Anh/Chị tìm hồ sơ nhân viên cần cập nhật, sau đó nhấn vào nút Chỉnh sửa để thay đổi thông tin và lưu lại trên hệ thống là hoàn tất ạ."
HR_TraCuuNhanVien,Có cách nào để tra cứu nhanh nhân viên nào đang trực ca tối hôm nay không?,"Anh/Chị có thể xem ngay tại bảng điều khiển (Dashboard) của mục Xếp ca, tại đó sẽ hiển thị danh sách nhân sự đang trực theo thời gian thực ạ."
HR_TraCuuNhanVien,Tôi muốn kiểm tra xem nhân viên này có đang nghỉ phép năm hay không thì xem ở đâu?,"Anh/Chị vui lòng kiểm tra tại mục Quản lý nghỉ phép trong hồ sơ nhân viên, hệ thống sẽ hiển thị trạng thái nghỉ phép của nhân viên đó ạ."
HR_TinhCong,Làm thế nào để tôi thực hiện chấm công trên hệ thống?,"Anh/Chị vui lòng đăng nhập vào tài khoản nhân viên, truy cập mục Chấm công và thực hiện nhập giờ vào hoặc giờ ra theo đúng ca làm việc thực tế của mình ạ."
HR_TinhCong,Hệ thống tự động tính số công làm việc như thế nào?,Hệ thống sẽ dựa trên dữ liệu giờ vào và giờ ra mà Anh/Chị đã nhập hàng ngày để tự động tính toán tổng số công làm việc trong tháng cho Anh/Chị ạ.
HR_TinhCong,Tôi muốn kiểm tra số ngày công đã tích lũy trong tháng hiện tại thì vào đâu?,Anh/Chị có thể truy cập vào mục Thông tin cá nhân hoặc mục Bảng công trong tài khoản của mình để theo dõi tổng số công đã ghi nhận trên hệ thống ạ.
HR_TinhCong,"Tôi quên nhập giờ chấm công vào hệ thống hôm qua, tôi phải làm sao?",Anh/Chị vui lòng liên hệ trực tiếp với bộ phận nhân sự (HR) để được hỗ trợ điều chỉnh và xác nhận lại thời gian làm việc thực tế của mình ạ.
HR_TinhCong,Nhân viên thời vụ có được chấm công trên cùng hệ thống với nhân viên chính thức không?,"Có ạ, mọi nhân viên bao gồm cả chính thức và thời vụ đều thực hiện chấm công trên cùng một hệ thống quản lý nội bộ của StarStay Hotel."
HR_TinhCong,Làm cách nào để đánh dấu nghỉ phép trên phần mềm quản lý nhân sự?,"Anh/Chị truy cập vào mục Quản lý nghỉ phép trong hệ thống, chọn ngày nghỉ tương ứng và gửi yêu cầu để bộ phận nhân sự phê duyệt ạ."
HR_TinhCong,Tôi có thể xem lịch xếp ca làm việc của mình ở đâu?,"Lịch xếp ca làm việc (sáng, chiều, tối) đã được cập nhật tại mục Lịch làm việc trong tài khoản nhân viên của Anh/Chị ạ."
HR_TinhCong,Hệ thống có thông báo nếu tôi quên chấm công ra không?,"Hệ thống sẽ ghi nhận trạng thái thiếu dữ liệu nếu Anh/Chị quên chấm công ra, Anh/Chị hãy kiểm tra định kỳ và báo lại với bộ phận HR để đảm bảo quyền lợi công lao động ạ."
HR_TinhCong,Khi nào thì dữ liệu chấm công được chốt để tính lương?,"Dữ liệu chấm công thường được chốt vào cuối mỗi tháng theo quy định của khách sạn, Anh/Chị vui lòng kiểm tra lại bảng tổng hợp công trước thời điểm này ạ."
HR_TinhCong,Tôi muốn xem lại lịch sử chấm công của các tháng trước có được không?,Anh/Chị hoàn toàn có thể xem lại lịch sử chấm công tại mục Báo cáo cá nhân hoặc Lịch sử làm việc trong tài khoản của mình ạ.
HR_NghiPhep,Nhân viên làm sao để đăng ký nghỉ phép trên hệ thống?,"Anh/Chị vui lòng đăng nhập vào tài khoản cá nhân, truy cập mục Quản lý nghỉ phép, chọn ngày bắt đầu, ngày kết thúc và lý do nghỉ, sau đó nhấn gửi yêu cầu để bộ phận HR phê duyệt ạ."
HR_NghiPhep,Tôi muốn biết quy trình xử lý đơn xin nghỉ phép của nhân viên diễn ra như thế nào?,"Sau khi nhân viên tạo yêu cầu trên hệ thống, bộ phận HR sẽ nhận được thông báo, kiểm tra số ngày phép còn lại và thực hiện thao tác đánh dấu nghỉ phép để hệ thống tự động tính công cho Anh/Chị ạ."
HR_NghiPhep,Hệ thống có tự động trừ số ngày phép khi tôi nghỉ không?,"Có ạ, sau khi bộ phận HR phê duyệt và đánh dấu nghỉ phép trên hệ thống, số ngày phép của Anh/Chị sẽ được cập nhật tự động và hệ thống sẽ tính công dựa trên dữ liệu đó."
HR_NghiPhep,Tôi có thể xem lại lịch sử các ngày đã nghỉ trong năm không?,Anh/Chị hoàn toàn có thể xem lại lịch sử nghỉ phép trong mục Hồ sơ cá nhân hoặc Bảng chấm công trên hệ thống quản lý nội bộ của khách sạn ạ.
HR_NghiPhep,Nếu tôi cần nghỉ đột xuất do ốm đau thì phải làm sao?,"Trong trường hợp đột xuất, Anh/Chị hãy thông báo ngay cho quản lý trực tiếp qua điện thoại, sau đó thực hiện tạo đơn xin nghỉ phép trên hệ thống sớm nhất có thể để bộ phận HR cập nhật hồ sơ ạ."
HR_NghiPhep,Nhân viên thời vụ có được hưởng chế độ nghỉ phép không?,Chế độ nghỉ phép của nhân viên thời vụ được áp dụng theo hợp đồng lao động đã ký kết. Anh/Chị vui lòng kiểm tra thông tin chi tiết trong hồ sơ cá nhân trên hệ thống hoặc liên hệ trực tiếp bộ phận HR để được hỗ trợ ạ.
HR_NghiPhep,Tôi muốn biết mình còn bao nhiêu ngày nghỉ phép trong năm nay?,Anh/Chị có thể kiểm tra số dư ngày phép hiện tại bằng cách vào mục Hồ sơ nhân viên trên hệ thống quản lý nội bộ. Mọi thông tin về ngày phép đã dùng và còn lại đều được hiển thị chi tiết tại đó ạ.
HR_NghiPhep,Tại sao đơn xin nghỉ phép của tôi vẫn chưa được duyệt?,"Đơn xin nghỉ phép cần được quản lý trực tiếp và bộ phận HR phê duyệt. Nếu đơn bị chậm trễ, Anh/Chị vui lòng kiểm tra lại trạng thái đơn trên hệ thống hoặc liên hệ trực tiếp với bộ phận HR để được giải đáp ạ."
HR_NghiPhep,Nếu tôi quên nhập giờ chấm công vào ngày nghỉ phép thì có ảnh hưởng đến lương không?,"Việc chấm công và nghỉ phép được quản lý riêng biệt. Nếu Anh/Chị đã được duyệt đơn nghỉ phép trên hệ thống, hệ thống sẽ tự động tính công đúng theo quy định, Anh/Chị yên tâm nhé."
HR_NghiPhep,Bộ phận HR có cần yêu cầu giấy tờ gì khi tôi xin nghỉ phép dài ngày không?,"Đối với các trường hợp nghỉ phép dài ngày hoặc nghỉ hưởng chế độ bảo hiểm, Anh/Chị cần gửi kèm các giấy tờ chứng minh liên quan cho bộ phận HR để thực hiện lưu trữ hồ sơ theo quy định ạ."
HR_NghiPhep,Tôi có thể hủy đơn xin nghỉ phép đã gửi trên hệ thống không?,"Nếu đơn chưa được HR phê duyệt, Anh/Chị có thể tự thao tác hủy trên hệ thống. Nếu đơn đã duyệt, Anh/Chị vui lòng liên hệ trực tiếp bộ phận HR để được hỗ trợ điều chỉnh ạ."
Admin_QuanLyPhong,Làm thế nào để tôi thêm loại phòng mới vào hệ thống quản lý StarStay?,"Anh/Chị vui lòng truy cập vào mục Quản lý loại phòng trong bảng điều khiển Admin, sau đó chọn 'Thêm mới', nhập đầy đủ thông tin về tên phòng, diện tích, sức chứa và giá tiền, rồi nhấn Lưu để cập nhật hệ thống ạ."
Admin_QuanLyPhong,Tôi muốn điều chỉnh giá phòng cho các mùa cao điểm thì thao tác ở đâu?,"Anh/Chị hãy vào mục Quản lý loại phòng, tìm đến loại phòng cần thay đổi và chọn biểu tượng 'Sửa'. Sau khi cập nhật mức giá mới, hệ thống sẽ tự động áp dụng giá này cho các đơn đặt phòng mới ạ."
Admin_QuanLyPhong,Làm sao để xóa một phòng đã không còn sử dụng trong hệ thống?,"Tại trang quản lý danh sách phòng, Anh/Chị chọn phòng cần xóa và nhấn vào nút 'Xóa'. Lưu ý rằng hệ thống sẽ kiểm tra xem phòng đó có đang có lịch đặt trước hay không trước khi cho phép xóa ạ."
Admin_QuanLyPhong,"Sau khi cập nhật thông tin tiện nghi trong phòng, tôi có cần làm gì để chatbot cập nhật câu trả lời không?","Sau khi Anh/Chị cập nhật hoặc chỉnh sửa thông tin tiện nghi trong hệ thống, Anh/Chị cần thực hiện thao tác 'Re-index embedding' trong phần quản trị chatbot để hệ thống cập nhật dữ liệu mới nhất cho khách hàng ạ."
Admin_QuanLyPhong,"Tôi muốn thêm một dịch vụ mới như thuê xe điện vào danh mục hiển thị, tôi phải làm gì?","Anh/Chị truy cập vào mục Quản lý dịch vụ, chọn 'Thêm mới dịch vụ', điền tên dịch vụ, mô tả và giá tiền tương ứng, sau đó nhấn Lưu để hiển thị thông tin này trên chatbot ạ."
Admin_QuanLyPhong,Làm thế nào để xem báo cáo doanh thu theo từng loại phòng trong tháng?,"Anh/Chị vui lòng truy cập vào mục Báo cáo trong trang quản trị, chọn bộ lọc theo loại phòng và khoảng thời gian mong muốn, hệ thống sẽ xuất ra biểu đồ doanh thu và tỷ lệ lấp đầy chi tiết ạ."
Admin_QuanLyPhong,Tôi cần quản lý FAQ của chatbot bằng cách import file CSV có được không?,"Có ạ, hệ thống hỗ trợ tính năng import file CSV trong mục Quản lý FAQ. Anh/Chị chỉ cần chuẩn bị file đúng định dạng mẫu và tải lên, sau đó thực hiện re-index để dữ liệu có hiệu lực."
Admin_QuanLyPhong,Làm thế nào để kiểm tra tỷ lệ lấp đầy phòng của khách sạn trong thời gian tới?,Anh/Chị hãy xem tại trang Tổng quan trong bảng điều khiển Admin. Hệ thống sẽ hiển thị báo cáo tỷ lệ lấp đầy phòng theo thời gian thực để Anh/Chị dễ dàng theo dõi ạ.
Admin_QuanLyPhong,Nếu tôi muốn cập nhật mô tả của một loại phòng để khách hàng hiểu rõ hơn thì làm như thế nào?,"Anh/Chị vào mục Quản lý loại phòng, chọn loại phòng cần cập nhật, chỉnh sửa nội dung mô tả trong phần thông tin chi tiết và nhấn Lưu để hoàn tất ạ."
Admin_QuanLyPhong,Việc re-index embedding sau khi sửa FAQ có ý nghĩa gì?,"Thao tác re-index giúp hệ thống cập nhật lại các chỉ mục tìm kiếm thông minh dựa trên dữ liệu mới mà Anh/Chị vừa chỉnh sửa, giúp chatbot đưa ra câu trả lời chính xác nhất cho khách hàng ạ."
Admin_QuanLyFAQ,Tôi cần thêm câu hỏi mới vào chatbot thì thực hiện ở đâu?,"Quý khách vui lòng truy cập vào giao diện Admin, chọn mục Quản lý FAQ và nhấn nút Thêm mới để nhập nội dung câu hỏi và câu trả lời tương ứng ạ."
Admin_QuanLyFAQ,Làm thế nào để cập nhật nội dung cho một câu hỏi đã tồn tại trong hệ thống chatbot?,"Tại trang Quản lý FAQ, Anh/Chị tìm kiếm câu hỏi cần chỉnh sửa, nhấn vào biểu tượng Sửa, cập nhật lại thông tin rồi lưu lại là xong ạ."
Admin_QuanLyFAQ,Hệ thống có hỗ trợ nhập dữ liệu câu hỏi từ file CSV không?,"Có ạ, hệ thống hỗ trợ tính năng Import từ file CSV trong mục Quản lý FAQ giúp Anh/Chị cập nhật danh sách câu hỏi nhanh chóng hơn."
Admin_QuanLyFAQ,"Sau khi thêm mới hoặc chỉnh sửa FAQ, tôi có cần thực hiện thao tác gì để chatbot cập nhật thay đổi không?","Sau khi cập nhật nội dung, Anh/Chị cần nhấn nút Re-index embedding trong bảng điều khiển Admin để hệ thống cập nhật lại dữ liệu cho chatbot ạ."
Admin_QuanLyFAQ,Tôi muốn xóa một câu hỏi không còn phù hợp khỏi chatbot thì phải làm sao?,"Anh/Chị chỉ cần vào mục Quản lý FAQ, tìm câu hỏi đó và chọn chức năng Xóa. Sau đó, đừng quên nhấn Re-index embedding để hoàn tất thay đổi ạ."
Admin_QuanLyFAQ,Việc re-index embedding trong quản lý FAQ có ảnh hưởng đến hoạt động của khách hàng không?,Quy trình này chỉ cập nhật cơ sở dữ liệu tri thức của chatbot nên không làm ảnh hưởng đến trải nghiệm đặt phòng hay các dịch vụ khác của khách hàng ạ.
Admin_QuanLyFAQ,Có giới hạn số lượng câu hỏi mà tôi có thể thêm vào chatbot StarStay không?,"Hiện tại hệ thống không giới hạn số lượng câu hỏi. Tuy nhiên, Anh/Chị nên quản lý nội dung khoa học để chatbot phản hồi chính xác nhất ạ."
Admin_QuanLyFAQ,Tôi muốn kiểm tra xem chatbot đã cập nhật nội dung mới chưa thì làm cách nào?,Anh/Chị có thể trực tiếp đặt câu hỏi đó ở cửa sổ chat thử nghiệm trong trang quản trị sau khi đã hoàn tất thao tác Re-index embedding ạ.
Admin_QuanLyFAQ,Có thể quản lý FAQ theo từng chủ đề riêng biệt trên hệ thống không?,"Hệ thống cho phép phân loại FAQ theo các chủ đề như Tiện nghi, Dịch vụ, Chính sách để giúp việc tìm kiếm và quản lý thuận tiện hơn ạ."
Admin_QuanLyFAQ,"Nếu chatbot trả lời sai thông tin cho khách hàng, tôi nên kiểm tra phần nào trong mục Admin?","Anh/Chị hãy kiểm tra nội dung câu trả lời trong mục Quản lý FAQ xem đã chính xác chưa, sau đó cập nhật lại và thực hiện Re-index embedding ạ."
Admin_QuanLyDichVu,Tôi muốn thêm một dịch vụ mới vào hệ thống quản lý StarStay Hotel thì phải làm thế nào?,"Quý khách có thể truy cập vào mục Quản trị dịch vụ trên hệ thống, chọn thêm mới và điền đầy đủ tên dịch vụ, đơn giá cũng như mô tả chi tiết để cập nhật lên hệ thống ạ."
Admin_QuanLyDichVu,Làm thế nào để thay đổi đơn giá của dịch vụ giặt ủi trong bảng quản trị?,"Anh/Chị vui lòng truy cập vào danh mục dịch vụ, tìm đến mục giặt ủi, chọn chỉnh sửa để cập nhật mức giá mới và nhấn lưu để hệ thống ghi nhận thông tin ạ."
Admin_QuanLyDichVu,"Tôi muốn cập nhật danh sách các tiện nghi trong phòng trên website, tôi cần thao tác ở đâu?","Anh/Chị hãy truy cập trang quản trị hệ thống, chọn mục quản lý tiện nghi để thêm, sửa hoặc xóa các danh mục tiện nghi theo nhu cầu thực tế của khách sạn ạ."
Admin_QuanLyDichVu,"Sau khi thay đổi nội dung FAQ cho chatbot, làm sao để chatbot nhận diện được thông tin mới?","Sau khi cập nhật hoặc import file CSV các câu hỏi thường gặp, Anh/Chị cần thực hiện thao tác Re-index embedding trong bảng quản trị để chatbot cập nhật dữ liệu mới nhất ạ."
Admin_QuanLyDichVu,Hệ thống có cho phép xuất báo cáo doanh thu theo tháng không?,"Có ạ, Anh/Chị có thể truy cập vào mục báo cáo doanh thu trong phần quản trị, chọn khoảng thời gian cần xem để hệ thống xuất dữ liệu chi tiết về doanh thu và tỷ lệ lấp đầy phòng."
Admin_QuanLyDichVu,Tôi có thể xóa một loại phòng cũ không còn sử dụng trong hệ thống quản trị không?,"Anh/Chị có thể thực hiện thao tác xóa loại phòng trong mục quản lý loại phòng, tuy nhiên vui lòng kiểm tra kỹ xem có đơn đặt phòng nào đang sử dụng loại phòng đó không trước khi xóa ạ."
Admin_QuanLyDichVu,Làm cách nào để kiểm tra tỷ lệ lấp đầy phòng trong tháng qua?,"Anh/Chị hãy truy cập vào bảng báo cáo quản trị, chọn mục báo cáo tỷ lệ lấp đầy và lọc theo tháng để xem số liệu thống kê chi tiết ạ."
Admin_QuanLyDichVu,Việc import dữ liệu FAQ bằng file CSV cần lưu ý định dạng gì?,"Quý khách vui lòng đảm bảo file CSV được định dạng đúng cấu trúc gồm các cột câu hỏi, câu trả lời và chủ đề tương ứng trước khi tải lên hệ thống để tránh lỗi hệ thống ạ."
Admin_QuanLyDichVu,"Tôi muốn chỉnh sửa thông tin mô tả chi tiết của loại phòng Cao cấp, tôi thao tác tại đâu?","Anh/Chị vui lòng truy cập vào mục quản lý phòng, chọn loại phòng Cao cấp và thực hiện chỉnh sửa nội dung mô tả, sau đó nhấn cập nhật để hoàn tất ạ."
Admin_QuanLyDichVu,"Nếu tôi thêm một loại dịch vụ mới, làm sao để nó hiển thị ngay trên ứng dụng của khách hàng?","Sau khi Anh/Chị thêm dịch vụ mới vào hệ thống và nhấn lưu, thông tin sẽ được tự động đồng bộ hiển thị lên giao diện khách hàng ngay lập tức ạ."
Admin_QuanLyDichVu,Hệ thống quản trị có cho phép lưu vết người đã thay đổi thông tin dịch vụ không?,"Hệ thống có tính năng lưu vết các thay đổi trong phần quản trị để đảm bảo tính minh bạch, Anh/Chị có thể xem lịch sử chỉnh sửa tại mục nhật ký hệ thống ạ."
Admin_QuanLyDichVu,Tôi muốn thêm ảnh minh họa cho dịch vụ mới trong mục quản lý dịch vụ có được không?,Hiện tại hệ thống cho phép Anh/Chị đính kèm ảnh minh họa cho từng dịch vụ để khách hàng dễ dàng nhận diện hơn ạ.
Admin_BaoCaoDoanhThu,Tôi muốn xem báo cáo doanh thu của khách sạn thì vào đâu?,"Anh/Chị vui lòng truy cập vào mục Báo cáo trong hệ thống quản trị, sau đó chọn tab Doanh thu để xem các số liệu chi tiết theo ngày, tháng hoặc năm ạ."
Admin_BaoCaoDoanhThu,Làm thế nào để kiểm tra tỷ lệ lấp đầy phòng của khách sạn trong tháng này?,Anh/Chị có thể theo dõi tỷ lệ lấp đầy tại trang tổng quan trong mục Quản trị hoặc xem chi tiết trong báo cáo thống kê phòng trống và phòng đang sử dụng ạ.
Admin_BaoCaoDoanhThu,Hệ thống có cho phép xuất báo cáo doanh thu ra file Excel không?,Hiện tại hệ thống hỗ trợ xem báo cáo trực tuyến trên giao diện quản trị. Anh/Chị có thể sử dụng tính năng in hoặc xuất dữ liệu nếu trình duyệt hỗ trợ ạ.
Admin_BaoCaoDoanhThu,Tôi có thể xem doanh thu chi tiết theo từng loại phòng không?,"Có ạ, trong phần Báo cáo doanh thu, Anh/Chị có thể lọc dữ liệu theo từng loại phòng như Tiêu chuẩn, Cao cấp, Suite hoặc Gia đình để dễ dàng đối soát."
Admin_BaoCaoDoanhThu,Làm sao để so sánh doanh thu giữa tháng này và tháng trước?,"Anh/Chị hãy sử dụng bộ lọc thời gian trong mục Báo cáo để chọn hai khoảng thời gian cần so sánh, hệ thống sẽ tự động hiển thị biểu đồ đối chiếu cho Anh/Chị ạ."
Admin_BaoCaoDoanhThu,Có cách nào xem nhanh tổng thu nhập từ các dịch vụ cộng thêm không?,"Dạ có, trong báo cáo doanh thu sẽ có phần tách biệt giữa doanh thu lưu trú và doanh thu từ các dịch vụ phát sinh như đưa đón sân bay, spa hoặc giặt ủi ạ."
Admin_BaoCaoDoanhThu,Dữ liệu trong báo cáo doanh thu được cập nhật theo thời gian thực phải không?,"Đúng vậy ạ, dữ liệu báo cáo được cập nhật theo thời gian thực ngay sau khi lễ tân hoàn tất thao tác check-out hoặc ghi nhận thanh toán dịch vụ trên hệ thống."
Admin_BaoCaoDoanhThu,Tôi muốn xem báo cáo doanh thu của một nhân viên lễ tân cụ thể có được không?,Anh/Chị có thể lọc báo cáo theo người phụ trách đơn hàng để xem doanh thu thực tế mà lễ tân đó đã xử lý trong một khoảng thời gian nhất định ạ.
Admin_BaoCaoDoanhThu,Có thể xem báo cáo doanh thu theo nguồn đặt phòng không?,"Hệ thống có hỗ trợ phân loại doanh thu theo nguồn như Walk-in, đặt qua đại lý hoặc đặt trực tiếp, Anh/Chị có thể tìm thấy thông tin này trong mục báo cáo chi tiết ạ."
Admin_BaoCaoDoanhThu,Nếu số liệu doanh thu có sai lệch thì tôi cần liên hệ bộ phận nào?,"Nếu Anh/Chị phát hiện sai lệch, vui lòng kiểm tra lại các đơn hàng đã hủy hoặc chưa hoàn tất, nếu vẫn cần hỗ trợ, Anh/Chị có thể liên hệ bộ phận kỹ thuật qua hotline 0236 999 8888 ạ."
Admin_ReIndex,Tôi cần làm gì để cập nhật lại dữ liệu cho chatbot sau khi thay đổi nội dung FAQ?,"Quý khách vui lòng truy cập vào trang quản trị Admin, chọn mục quản lý FAQ và nhấn nút 'Re-index' để hệ thống cập nhật lại các chỉ số embedding cho dữ liệu mới ạ."
Admin_ReIndex,Tại sao câu trả lời của chatbot không hiển thị đúng thông tin tôi vừa chỉnh sửa trên hệ thống?,Dữ liệu của chatbot cần được lập chỉ mục lại thông qua quy trình Re-index. Anh/Chị hãy thực hiện thao tác Re-index tại bảng điều khiển Admin để đồng bộ hóa nội dung mới nhất ạ.
Admin_ReIndex,Quy trình thực hiện Re-index cho hệ thống chatbot diễn ra như thế nào?,"Sau khi Anh/Chị thêm hoặc chỉnh sửa câu hỏi trong mục quản lý FAQ, hệ thống sẽ yêu cầu thực hiện Re-index. Quý khách chỉ cần nhấn vào nút lệnh tương ứng trong trang Admin để khởi chạy tiến trình này ạ."
Admin_ReIndex,Tôi có cần phải thực hiện Re-index mỗi khi sửa một câu hỏi nhỏ không?,"Để đảm bảo chatbot phản hồi chính xác nhất, mỗi khi có thay đổi trong cơ sở dữ liệu FAQ, Anh/Chị nên thực hiện thao tác Re-index để hệ thống cập nhật bộ nhớ đệm ạ."
Admin_ReIndex,Hệ thống có tự động Re-index khi tôi import danh sách câu hỏi qua file CSV không?,"Hiện tại, sau khi import file CSV thành công, Anh/Chị cần thực hiện thao tác Re-index thủ công trong phần cài đặt Admin để chatbot có thể ghi nhận và phản hồi các dữ liệu mới này ạ."
Admin_ReIndex,Thời gian hoàn thành quá trình Re-index embedding thường mất bao lâu?,"Tùy thuộc vào số lượng câu hỏi trong hệ thống, quá trình Re-index thường diễn ra rất nhanh chóng. Nếu gặp sự cố trong quá trình này, Anh/Chị vui lòng liên hệ bộ phận kỹ thuật hỗ trợ ạ."
Admin_ReIndex,Tôi có thể kiểm tra trạng thái của quá trình Re-index đang chạy không?,Hệ thống sẽ hiển thị thông báo trạng thái hoặc thanh tiến trình ngay tại màn hình Admin khi Anh/Chị khởi chạy lệnh Re-index ạ.
Admin_ReIndex,Việc Re-index có ảnh hưởng đến khả năng trả lời khách hàng của chatbot không?,"Quá trình Re-index chỉ cập nhật lại cơ sở tri thức của chatbot. Trong thời gian hệ thống xử lý, chatbot vẫn hoạt động bình thường, tuy nhiên các thay đổi mới sẽ được áp dụng ngay sau khi tiến trình hoàn tất ạ."
Admin_ReIndex,Làm thế nào để đảm bảo dữ liệu sau khi Re-index đạt hiệu quả tìm kiếm tốt nhất?,"Để đạt kết quả tốt nhất, Anh/Chị hãy đảm bảo các câu hỏi trong FAQ được soạn thảo rõ ràng, đa dạng ngữ cảnh trước khi nhấn lệnh Re-index để hệ thống BGE-M3 có thể học chính xác ạ."
Admin_ReIndex,"Tôi gặp lỗi khi thực hiện Re-index, tôi nên làm gì?","Nếu quá trình Re-index bị gián đoạn hoặc báo lỗi, Anh/Chị hãy kiểm tra lại kết nối mạng hoặc thử tải lại trang quản trị. Nếu vẫn không được, vui lòng liên hệ hotline 0236 999 8888 để được hỗ trợ kịp thời ạ."
TaiKhoan_DangNhap,Tôi cần đăng nhập vào hệ thống nội bộ StarStay bằng tài khoản nào?,Quý nhân viên vui lòng sử dụng email công ty và mật khẩu đã được cấp để đăng nhập vào hệ thống quản lý tại trang chủ nội bộ ạ.
TaiKhoan_DangNhap,Tôi quên mật khẩu truy cập hệ thống quản lý khách sạn thì phải làm sao?,"Anh/Chị hãy nhấn vào nút 'Quên mật khẩu' tại màn hình đăng nhập, sau đó nhập email để nhận hướng dẫn khôi phục mật khẩu từ hệ thống ạ."
TaiKhoan_DangNhap,Làm thế nào để thay đổi mật khẩu tài khoản cá nhân trên hệ thống?,"Anh/Chị có thể thay đổi mật khẩu bằng cách truy cập vào mục 'Thông tin cá nhân' sau khi đã đăng nhập thành công, rồi chọn chức năng 'Đổi mật khẩu' ạ."
TaiKhoan_DangNhap,"Tài khoản của tôi bị khóa sau nhiều lần nhập sai mật khẩu, tôi cần liên hệ ai?","Trong trường hợp tài khoản bị khóa, Anh/Chị vui lòng liên hệ bộ phận Admin hoặc gọi đến hotline 0236 999 8888 để được hỗ trợ mở khóa kịp thời ạ."
TaiKhoan_DangNhap,Tôi muốn cập nhật số điện thoại và thông tin cá nhân trên tài khoản nội bộ thì làm ở đâu?,Anh/Chị hãy vào phần 'Cài đặt tài khoản' hoặc 'Thông tin cá nhân' trên thanh menu để cập nhật các thông tin liên lạc mới nhất của mình nhé.
TaiKhoan_DangNhap,Hệ thống quản lý khách sạn StarStay có cho phép duy trì đăng nhập trên nhiều thiết bị không?,"Vì lý do bảo mật dữ liệu, hệ thống ưu tiên mỗi tài khoản chỉ nên đăng nhập trên một thiết bị tại một thời điểm. Anh/Chị nên đăng xuất sau khi sử dụng xong ạ."
TaiKhoan_DangNhap,Nhân viên mới cần làm gì để có tài khoản truy cập vào phần mềm quản lý StarStay?,Bộ phận HR sẽ tạo tài khoản cho nhân viên mới dựa trên hồ sơ đã tiếp nhận. Anh/Chị sẽ nhận được thông tin đăng nhập qua email công ty sau khi hoàn tất thủ tục ạ.
TaiKhoan_DangNhap,"Tôi thấy báo lỗi 'Tài khoản không có quyền truy cập' khi đăng nhập, nguyên nhân là gì?",Lỗi này xuất hiện do tài khoản của Anh/Chị chưa được phân quyền cho chức năng đó. Anh/Chị vui lòng liên hệ Admin để kiểm tra lại cấu hình phân quyền nhé.
TaiKhoan_DangNhap,Việc đăng xuất khỏi hệ thống quản lý sau mỗi ca làm việc có bắt buộc không?,Việc đăng xuất là bắt buộc để đảm bảo an toàn thông tin và bảo mật dữ liệu khách hàng. Anh/Chị hãy luôn thoát tài khoản khi kết thúc ca làm việc của mình ạ.
TaiKhoan_DangNhap,Tôi có thể đổi email đăng nhập hệ thống sang một địa chỉ email cá nhân khác được không?,"Vì đây là hệ thống quản lý nội bộ của StarStay Hotel, Anh/Chị bắt buộc phải sử dụng email do công ty cấp để đảm bảo tính đồng bộ và bảo mật ạ."
TaiKhoan_DoiMatKhau,Tôi muốn thay đổi mật khẩu tài khoản của mình thì phải làm như thế nào?,"Quý khách vui lòng đăng nhập vào hệ thống, sau đó chọn mục 'Thông tin cá nhân' và nhấn vào phần 'Đổi mật khẩu' để thiết lập mật khẩu mới ạ."
TaiKhoan_DoiMatKhau,Làm cách nào để tôi cập nhật lại mật khẩu đã quên?,"Tại trang đăng nhập, Quý khách hãy nhấn vào đường dẫn 'Quên mật khẩu', sau đó nhập địa chỉ email đã đăng ký để nhận hướng dẫn khôi phục mật khẩu qua email ạ."
TaiKhoan_DoiMatKhau,Tôi có thể đổi mật khẩu trực tiếp trên giao diện web của khách sạn không?,"Có, Quý khách hoàn toàn có thể chủ động thay đổi mật khẩu bất cứ lúc nào trong phần cài đặt tài khoản cá nhân sau khi đã đăng nhập thành công ạ."
TaiKhoan_DoiMatKhau,Tại sao hệ thống không cho phép tôi đổi mật khẩu mới?,"Quý khách lưu ý mật khẩu mới cần đảm bảo tính bảo mật. Nếu gặp sự cố, xin vui lòng liên hệ bộ phận hỗ trợ qua hotline 0236 999 8888 để được hướng dẫn xử lý ạ."
TaiKhoan_DoiMatKhau,Tôi cần nhập thông tin gì để có thể thay đổi mật khẩu thành công?,"Khi đổi mật khẩu, Quý khách cần nhập mật khẩu hiện tại và mật khẩu mới mong muốn. Hệ thống sẽ yêu cầu xác nhận lại mật khẩu mới để đảm bảo tính chính xác ạ."
TaiKhoan_DoiMatKhau,"Sau khi đổi mật khẩu, tôi có cần đăng nhập lại trên các thiết bị khác không?","Vì lý do bảo mật, sau khi thay đổi mật khẩu, hệ thống sẽ yêu cầu Quý khách thực hiện đăng nhập lại trên tất cả các thiết bị đang sử dụng tài khoản này ạ."
TaiKhoan_DoiMatKhau,Có yêu cầu đặc biệt nào về độ dài hay ký tự khi đặt mật khẩu mới không?,"Để đảm bảo an toàn cho tài khoản, mật khẩu mới của Quý khách nên bao gồm chữ cái, chữ số và ký tự đặc biệt với độ dài tối thiểu 8 ký tự ạ."
TaiKhoan_DoiMatKhau,Tôi không nhận được email khôi phục mật khẩu thì phải làm sao?,"Quý khách vui lòng kiểm tra hộp thư rác hoặc đợi khoảng vài phút. Nếu vẫn không nhận được, xin hãy liên hệ hotline 0236 999 8888 để nhân viên hỗ trợ kích hoạt lại ạ."
TaiKhoan_DoiMatKhau,"Nếu tôi nghi ngờ tài khoản bị lộ mật khẩu, tôi nên làm gì ngay lập tức?","Quý khách nên tiến hành đổi mật khẩu ngay lập tức trong phần quản lý tài khoản. Nếu cần hỗ trợ khẩn cấp, Quý khách hãy gọi ngay cho chúng tôi qua số 0236 999 8888 ạ."
TaiKhoan_DoiMatKhau,Có thể dùng chung mật khẩu cho nhiều tài khoản nhân viên không?,"Để bảo mật thông tin nội bộ, mỗi cá nhân cần sử dụng tài khoản và mật khẩu riêng biệt. Quý khách vui lòng không chia sẻ mật khẩu của mình với bất kỳ ai khác ạ."
TaiKhoan_DoiMatKhau,Việc đổi mật khẩu có làm mất dữ liệu lịch sử đặt phòng của tôi không?,Việc thay đổi mật khẩu chỉ giúp bảo mật tài khoản cá nhân của Quý khách và hoàn toàn không ảnh hưởng đến thông tin đặt phòng hay lịch sử lưu trú trên hệ thống ạ.
TaiKhoan_DoiMatKhau,"Tài khoản của tôi bị khóa sau nhiều lần nhập sai mật khẩu, tôi phải làm gì?","Nếu tài khoản bị khóa, Quý khách vui lòng liên hệ bộ phận quản trị hoặc gọi hotline 0236 999 8888 để nhân viên kiểm tra và mở khóa tài khoản cho Quý khách ạ."
Admin_BaoCaoLapDay,Làm thế nào để tôi xem báo cáo tỷ lệ lấp đầy phòng của khách sạn?,"Quý khách có thể truy cập vào mục Báo cáo trong hệ thống quản trị, tại đây sẽ hiển thị số liệu chi tiết về tỷ lệ lấp đầy phòng theo ngày, tuần hoặc tháng ạ."
Admin_BaoCaoLapDay,Tôi muốn xuất báo cáo doanh thu của khách sạn trong tháng vừa qua thì làm ở đâu?,"Anh/Chị vui lòng chọn mục Báo cáo doanh thu trên thanh công cụ Admin, sau đó chọn khoảng thời gian cần xuất để hệ thống hiển thị số liệu chi tiết ạ."
Admin_BaoCaoLapDay,Hệ thống có hỗ trợ xem báo cáo theo từng loại phòng không?,"Có ạ, hệ thống cho phép Anh/Chị lọc dữ liệu báo cáo doanh thu và tỷ lệ lấp đầy dựa trên từng loại phòng cụ thể như Tiêu chuẩn, Cao cấp, Suite hoặc Gia đình."
Admin_BaoCaoLapDay,Tôi cần kiểm tra tình trạng phòng trống hiện tại để báo cáo nhanh cho quản lý?,Anh/Chị hãy truy cập vào bảng điều khiển Admin hoặc mục Báo cáo trạng thái phòng để xem danh sách các phòng đang trống hoặc đang có khách lưu trú ạ.
Admin_BaoCaoLapDay,Dữ liệu báo cáo doanh thu trong hệ thống được cập nhật thời gian thực không?,Dữ liệu được cập nhật ngay khi các giao dịch thanh toán hoặc check-in/check-out được ghi nhận thành công trên hệ thống ạ.
Admin_BaoCaoLapDay,Làm sao để tôi so sánh tỷ lệ lấp đầy giữa các tháng khác nhau?,"Trong mục báo cáo, Anh/Chị có thể sử dụng tính năng so sánh thời gian để đối chiếu số liệu tỷ lệ lấp đầy giữa các kỳ báo cáo mà mình mong muốn ạ."
Admin_BaoCaoLapDay,Có thể tải báo cáo doanh thu về máy tính dưới định dạng nào?,Hệ thống hỗ trợ xuất báo cáo doanh thu và tỷ lệ lấp đầy dưới định dạng Excel hoặc PDF để Anh/Chị thuận tiện trong việc lưu trữ và báo cáo ạ.
Admin_BaoCaoLapDay,Tôi muốn biết doanh thu từ các dịch vụ đi kèm như spa hoặc giặt ủi có nằm trong báo cáo không?,"Dạ có, báo cáo doanh thu của hệ thống đã tích hợp tổng hợp từ cả tiền phòng và các dịch vụ phát sinh của khách hàng trong thời gian lưu trú ạ."
Admin_BaoCaoLapDay,"Nếu số liệu báo cáo doanh thu hiển thị không khớp với thực tế, tôi nên kiểm tra ở đâu?",Anh/Chị vui lòng kiểm tra lại các giao dịch chưa được xác nhận hoặc các đơn hàng đang ở trạng thái treo trong mục quản lý đơn đặt phòng ạ.
Admin_BaoCaoLapDay,Hệ thống có biểu đồ trực quan hóa báo cáo tỷ lệ lấp đầy không?,"Có ạ, hệ thống cung cấp các biểu đồ dạng cột và đường để Anh/Chị dễ dàng theo dõi xu hướng thay đổi của tỷ lệ lấp đầy theo thời gian thực."
TaiKhoan_CapNhatThongTin,Tôi muốn thay đổi thông tin cá nhân trong tài khoản của mình thì phải làm như thế nào?,"Dạ, Anh/Chị vui lòng đăng nhập vào hệ thống, sau đó truy cập mục 'Thông tin cá nhân' để cập nhật các thay đổi và nhấn 'Lưu' để hệ thống ghi nhận thông tin mới ạ."
TaiKhoan_CapNhatThongTin,Tôi có thể tự thay đổi địa chỉ email đăng nhập của mình trên hệ thống không?,"Dạ, để thay đổi email đăng nhập, Anh/Chị vui lòng liên hệ bộ phận hỗ trợ thông qua hotline 0236 999 8888 để được nhân viên kỹ thuật hỗ trợ cập nhật chính xác ạ."
TaiKhoan_CapNhatThongTin,Làm thế nào để tôi thay đổi mật khẩu tài khoản nếu tôi vẫn còn nhớ mật khẩu cũ?,"Anh/Chị hãy đăng nhập vào tài khoản, chọn phần cài đặt bảo mật và thực hiện đổi mật khẩu tại mục 'Thay đổi mật khẩu' ạ."
TaiKhoan_CapNhatThongTin,Tôi quên mật khẩu tài khoản thì cần thực hiện những bước gì để lấy lại?,"Dạ, tại màn hình đăng nhập, Anh/Chị hãy nhấn vào dòng 'Quên mật khẩu', sau đó nhập địa chỉ email đã đăng ký để nhận hướng dẫn khôi phục mật khẩu qua email ạ."
TaiKhoan_CapNhatThongTin,Hệ thống có yêu cầu xác thực thông tin khi tôi cập nhật số điện thoại mới không?,"Dạ có ạ, sau khi Anh/Chị cập nhật số điện thoại mới, hệ thống có thể gửi mã xác nhận để đảm bảo tính bảo mật cho tài khoản của Quý khách."
TaiKhoan_CapNhatThongTin,Tôi muốn cập nhật lại thông tin cá nhân nhưng hệ thống báo lỗi không lưu được thì phải làm sao?,"Dạ, rất xin lỗi vì sự bất tiện này. Anh/Chị vui lòng kiểm tra lại kết nối mạng hoặc liên hệ ngay hotline 0236 999 8888 để nhân viên hỗ trợ xử lý lỗi kỹ thuật ạ."
TaiKhoan_CapNhatThongTin,Thông tin cá nhân trên tài khoản của tôi có bị lộ ra bên ngoài khi cập nhật không?,"Dạ không ạ, mọi thông tin cá nhân của Quý khách đều được bảo mật tuyệt đối trên hệ thống nội bộ của StarStay Hotel, chúng tôi cam kết không chia sẻ dữ liệu với bên thứ ba."
TaiKhoan_CapNhatThongTin,"Sau khi cập nhật thông tin cá nhân, tôi có cần đăng xuất và đăng nhập lại không?","Thông thường hệ thống sẽ tự cập nhật ngay. Tuy nhiên, nếu Anh/Chị thấy thông tin chưa thay đổi, Anh/Chị có thể đăng xuất rồi đăng nhập lại để làm mới dữ liệu ạ."
TaiKhoan_CapNhatThongTin,"Tôi muốn cập nhật thông tin tài khoản để phục vụ cho việc đặt phòng nhanh hơn, tôi cần điền những mục nào?","Dạ, Anh/Chị nên cập nhật đầy đủ họ tên, số điện thoại liên lạc và căn cước công dân/hộ chiếu để quá trình đặt phòng và làm thủ tục check-in diễn ra nhanh chóng hơn ạ."
TaiKhoan_CapNhatThongTin,Việc cập nhật thông tin tài khoản có ảnh hưởng đến các đơn đặt phòng cũ của tôi không?,"Dạ không ạ, các thông tin trong đơn đặt phòng cũ đã được lưu trữ độc lập, việc cập nhật tài khoản chỉ áp dụng cho các giao dịch mới sau này của Quý khách."
